unique_id,ds,y
Dengue,2010-01-03,12.0
Dengue,2010-01-10,142.0
Dengue,2010-01-17,210.0
Dengue,2010-01-24,253.0
Dengue,2010-01-31,345.0
Dengue,2010-02-07,375.0
Dengue,2010-02-14,504.0
Dengue,2010-02-21,573.0
Dengue,2010-02-28,543.0
Dengue,2010-03-07,475.0
Dengue,2010-03-14,451.0
Dengue,2010-03-21,439.0
Dengue,2010-03-28,384.0
Dengue,2010-04-04,304.0
Dengue,2010-04-11,330.0
Dengue,2010-04-18,308.0
Dengue,2010-04-25,293.0
Dengue,2010-05-02,211.0
Dengue,2010-05-09,227.0
Dengue,2010-05-16,234.0
Dengue,2010-05-23,198.0
Dengue,2010-05-30,211.0
Dengue,2010-06-06,208.0
Dengue,2010-06-13,236.0
Dengue,2010-06-20,195.0
Dengue,2010-06-27,204.0
Dengue,2010-07-04,150.0
Dengue,2010-07-11,170.0
Dengue,2010-07-18,171.0
Dengue,2010-07-25,181.0
Dengue,2010-08-01,154.0
Dengue,2010-08-08,144.0
Dengue,2010-08-15,150.0
Dengue,2010-08-22,123.0
Dengue,2010-08-29,130.0
Dengue,2010-09-05,130.0
Dengue,2010-09-12,121.0
Dengue,2010-09-19,105.0
Dengue,2010-09-26,104.0
Dengue,2010-10-03,125.0
Dengue,2010-10-10,107.0
Dengue,2010-10-17,88.0
Dengue,2010-10-24,67.0
Dengue,2010-10-31,76.0
Dengue,2010-11-07,79.0
Dengue,2010-11-14,78.0
Dengue,2010-11-21,69.0
Dengue,2010-11-28,74.0
Dengue,2010-12-05,78.0
Dengue,2010-12-12,48.0
Dengue,2010-12-19,37.0
Dengue,2010-12-26,42.0
Dengue,2011-01-02,28.0
Dengue,2011-01-09,37.0
Dengue,2011-01-16,21.0
Dengue,2011-01-23,25.0
Dengue,2011-01-30,20.0
Dengue,2011-02-06,17.0
Dengue,2011-02-13,8.0
Dengue,2011-02-20,17.0
Dengue,2011-02-27,21.0
Dengue,2011-03-06,17.0
Dengue,2011-03-13,13.0
Dengue,2011-03-20,8.0
Dengue,2011-03-27,12.0
Dengue,2011-04-03,10.0
Dengue,2011-04-10,7.0
Dengue,2011-04-17,7.0
Dengue,2011-04-24,6.0
Dengue,2011-05-01,8.0
Dengue,2011-05-08,16.0
Dengue,2011-05-15,7.0
Dengue,2011-05-22,9.0
Dengue,2011-05-29,10.0
Dengue,2011-06-05,9.0
Dengue,2011-06-12,10.0
Dengue,2011-06-19,13.0
Dengue,2011-06-26,11.0
Dengue,2011-07-03,6.0
Dengue,2011-07-10,10.0
Dengue,2011-07-17,4.0
Dengue,2011-07-24,9.0
Dengue,2011-07-31,14.0
Dengue,2011-08-07,15.0
Dengue,2011-08-14,15.0
Dengue,2011-08-21,16.0
Dengue,2011-08-28,14.0
Dengue,2011-09-04,15.0
Dengue,2011-09-11,9.0
Dengue,2011-09-18,12.0
Dengue,2011-09-25,15.0
Dengue,2011-10-02,6.0
Dengue,2011-10-09,8.0
Dengue,2011-10-16,12.0
Dengue,2011-10-23,8.0
Dengue,2011-10-30,11.0
Dengue,2011-11-06,10.0
Dengue,2011-11-13,6.0
Dengue,2011-11-20,11.0
Dengue,2011-11-27,10.0
Dengue,2011-12-04,5.0
Dengue,2011-12-11,7.0
Dengue,2011-12-18,10.0
Dengue,2011-12-25,9.0
Dengue,2012-01-01,8.0
Dengue,2012-01-08,20.0
Dengue,2012-01-15,17.0
Dengue,2012-01-22,11.0
Dengue,2012-01-29,27.0
Dengue,2012-02-05,14.0
Dengue,2012-02-12,20.0
Dengue,2012-02-19,22.0
Dengue,2012-02-26,20.0
Dengue,2012-03-04,32.0
Dengue,2012-03-11,40.0
Dengue,2012-03-18,29.0
Dengue,2012-03-25,35.0
Dengue,2012-04-01,28.0
Dengue,2012-04-08,19.0
Dengue,2012-04-15,13.0
Dengue,2012-04-22,18.0
Dengue,2012-04-29,18.0
Dengue,2012-05-06,16.0
Dengue,2012-05-13,12.0
Dengue,2012-05-20,17.0
Dengue,2012-05-27,11.0
Dengue,2012-06-03,17.0
Dengue,2012-06-10,9.0
Dengue,2012-06-17,20.0
Dengue,2012-06-24,17.0
Dengue,2012-07-01,19.0
Dengue,2012-07-08,18.0
Dengue,2012-07-15,15.0
Dengue,2012-07-22,15.0
Dengue,2012-07-29,19.0
Dengue,2012-08-05,20.0
Dengue,2012-08-12,16.0
Dengue,2012-08-19,15.0
Dengue,2012-08-26,14.0
Dengue,2012-09-02,18.0
Dengue,2012-09-09,20.0
Dengue,2012-09-16,19.0
Dengue,2012-09-23,23.0
Dengue,2012-09-30,18.0
Dengue,2012-10-07,19.0
Dengue,2012-10-14,20.0
Dengue,2012-10-21,14.0
Dengue,2012-10-28,23.0
Dengue,2012-11-04,28.0
Dengue,2012-11-11,23.0
Dengue,2012-11-18,27.0
Dengue,2012-11-25,20.0
Dengue,2012-12-02,24.0
Dengue,2012-12-09,35.0
Dengue,2012-12-16,30.0
Dengue,2012-12-23,36.0
Dengue,2012-12-30,49.0
Dengue,2013-01-06,65.0
Dengue,2013-01-13,93.0
Dengue,2013-01-20,108.0
Dengue,2013-01-27,120.0
Dengue,2013-02-03,123.0
Dengue,2013-02-10,126.0
Dengue,2013-02-17,118.0
Dengue,2013-02-24,130.0
Dengue,2013-03-03,146.0
Dengue,2013-03-10,122.0
Dengue,2013-03-17,128.0
Dengue,2013-03-24,149.0
Dengue,2013-03-31,132.0
Dengue,2013-04-07,142.0
Dengue,2013-04-14,207.0
Dengue,2013-04-21,255.0
Dengue,2013-04-28,238.0
Dengue,2013-05-05,213.0
Dengue,2013-05-12,234.0
Dengue,2013-05-19,189.0
Dengue,2013-05-26,209.0
Dengue,2013-06-02,204.0
Dengue,2013-06-09,226.0
Dengue,2013-06-16,204.0
Dengue,2013-06-23,208.0
Dengue,2013-06-30,207.0
Dengue,2013-07-07,171.0
Dengue,2013-07-14,238.0
Dengue,2013-07-21,202.0
Dengue,2013-07-28,213.0
Dengue,2013-08-04,173.0
Dengue,2013-08-11,165.0
Dengue,2013-08-18,177.0
Dengue,2013-08-25,150.0
Dengue,2013-09-01,138.0
Dengue,2013-09-08,111.0
Dengue,2013-09-15,127.0
Dengue,2013-09-22,122.0
Dengue,2013-09-29,148.0
Dengue,2013-10-06,144.0
Dengue,2013-10-13,147.0
Dengue,2013-10-20,165.0
Dengue,2013-10-27,183.0
Dengue,2013-11-03,161.0
Dengue,2013-11-10,137.0
Dengue,2013-11-17,137.0
Dengue,2013-11-24,156.0
Dengue,2013-12-01,142.0
Dengue,2013-12-08,152.0
Dengue,2013-12-15,167.0
Dengue,2013-12-22,137.0
Dengue,2013-12-29,105.0
Dengue,2014-01-05,100.0
Dengue,2014-01-12,89.0
Dengue,2014-01-19,98.0
Dengue,2014-01-26,79.0
Dengue,2014-02-02,81.0
Dengue,2014-02-09,64.0
Dengue,2014-02-16,66.0
Dengue,2014-02-23,59.0
Dengue,2014-03-02,66.0
Dengue,2014-03-09,47.0
Dengue,2014-03-16,60.0
Dengue,2014-03-23,55.0
Dengue,2014-03-30,44.0
Dengue,2014-04-06,51.0
Dengue,2014-04-13,70.0
Dengue,2014-04-20,52.0
Dengue,2014-04-27,51.0
Dengue,2014-05-04,49.0
Dengue,2014-05-11,54.0
Dengue,2014-05-18,45.0
Dengue,2014-05-25,50.0
Dengue,2014-06-01,42.0
Dengue,2014-06-08,48.0
Dengue,2014-06-15,61.0
Dengue,2014-06-22,77.0
Dengue,2014-06-29,67.0
Dengue,2014-07-06,66.0
Dengue,2014-07-13,62.0
Dengue,2014-07-20,68.0
Dengue,2014-07-27,68.0
Dengue,2014-08-03,74.0
Dengue,2014-08-10,75.0
Dengue,2014-08-17,66.0
Dengue,2014-08-24,50.0
Dengue,2014-08-31,53.0
Dengue,2014-09-07,51.0
Dengue,2014-09-14,64.0
Dengue,2014-09-21,60.0
Dengue,2014-09-28,37.0
Dengue,2014-10-05,59.0
Dengue,2014-10-12,49.0
Dengue,2014-10-19,57.0
Dengue,2014-10-26,68.0
Dengue,2014-11-02,50.0
Dengue,2014-11-09,48.0
Dengue,2014-11-16,56.0
Dengue,2014-11-23,53.0
Dengue,2014-11-30,40.0
Dengue,2014-12-07,58.0
Dengue,2014-12-14,60.0
Dengue,2014-12-21,68.0
Dengue,2014-12-28,63.0
Dengue,2015-01-04,79.0
Dengue,2015-01-11,68.0
Dengue,2015-01-18,79.0
Dengue,2015-01-25,113.0
Dengue,2015-02-01,112.0
Dengue,2015-02-08,104.0
Dengue,2015-02-15,117.0
Dengue,2015-02-22,89.0
Dengue,2015-03-01,115.0
Dengue,2015-03-08,75.0
Dengue,2015-03-15,82.0
Dengue,2015-03-22,82.0
Dengue,2015-03-29,91.0
Dengue,2015-04-05,71.0
Dengue,2015-04-12,72.0
Dengue,2015-04-19,68.0
Dengue,2015-04-26,87.0
Dengue,2015-05-03,101.0
Dengue,2015-05-10,84.0
Dengue,2015-05-17,109.0
Dengue,2015-05-24,83.0
Dengue,2015-05-31,84.0
Dengue,2015-06-07,107.0
Dengue,2015-06-14,89.0
Dengue,2015-06-21,56.0
Dengue,2015-06-28,48.0
Dengue,2015-07-05,103.0
Dengue,2015-07-12,73.0
Dengue,2015-07-19,67.0
Dengue,2015-07-26,83.0
Dengue,2015-08-02,72.0
Dengue,2015-08-09,83.0
Dengue,2015-08-16,62.0
Dengue,2015-08-23,35.0
Dengue,2015-08-30,54.0
Dengue,2015-09-06,47.0
Dengue,2015-09-13,58.0
Dengue,2015-09-20,71.0
Dengue,2015-09-27,78.0
Dengue,2015-10-04,73.0
Dengue,2015-10-11,56.0
Dengue,2015-10-18,69.0
Dengue,2015-10-25,94.0
Dengue,2015-11-01,79.0
Dengue,2015-11-08,89.0
Dengue,2015-11-15,107.0
Dengue,2015-11-22,79.0
Dengue,2015-11-29,90.0
Dengue,2015-12-06,86.0
Dengue,2015-12-13,102.0
Dengue,2015-12-20,121.0
Dengue,2015-12-27,129.0
Dengue,2016-01-03,136.0
Dengue,2016-01-10,143.0
Dengue,2016-01-17,216.0
Dengue,2016-01-24,281.0
Dengue,2016-01-31,272.0
Dengue,2016-02-07,310.0
Dengue,2016-02-14,365.0
Dengue,2016-02-21,290.0
Dengue,2016-02-28,351.0
Dengue,2016-03-06,335.0
Dengue,2016-03-13,331.0
Dengue,2016-03-20,247.0
Dengue,2016-03-27,142.0
Dengue,2016-04-03,230.0
Dengue,2016-04-10,255.0
Dengue,2016-04-17,232.0
Dengue,2016-04-24,219.0
Dengue,2016-05-01,186.0
Dengue,2016-05-08,209.0
Dengue,2016-05-15,181.0
Dengue,2016-05-22,220.0
Dengue,2016-05-29,226.0
Dengue,2016-06-05,145.0
Dengue,2016-06-12,128.0
Dengue,2016-06-19,162.0
Dengue,2016-06-26,156.0
Dengue,2016-07-03,139.0
Dengue,2016-07-10,119.0
Dengue,2016-07-17,85.0
Dengue,2016-07-24,72.0
Dengue,2016-07-31,59.0
Dengue,2016-08-07,39.0
Dengue,2016-08-14,78.0
Dengue,2016-08-21,35.0
Dengue,2016-08-28,51.0
Dengue,2016-09-04,22.0
Dengue,2016-09-11,37.0
Dengue,2016-09-18,48.0
Dengue,2016-09-25,37.0
Dengue,2016-10-02,34.0
Dengue,2016-10-09,28.0
Dengue,2016-10-16,29.0
Dengue,2016-10-23,45.0
Dengue,2016-10-30,42.0
Dengue,2016-11-06,35.0
Dengue,2016-11-13,19.0
Dengue,2016-11-20,31.0
Dengue,2016-11-27,21.0
Dengue,2016-12-04,37.0
Dengue,2016-12-11,24.0
Dengue,2016-12-18,31.0
Dengue,2016-12-25,16.0
Dengue,2017-01-01,29.0
Dengue,2017-01-08,43.0
Dengue,2017-01-15,19.0
Dengue,2017-01-22,40.0
Dengue,2017-01-29,35.0
Dengue,2017-02-05,44.0
Dengue,2017-02-12,25.0
Dengue,2017-02-19,21.0
Dengue,2017-02-26,25.0
Dengue,2017-03-05,23.0
Dengue,2017-03-12,14.0
Dengue,2017-03-19,16.0
Dengue,2017-03-26,13.0
Dengue,2017-04-02,12.0
Dengue,2017-04-09,13.0
Dengue,2017-04-16,12.0
Dengue,2017-04-23,18.0
Dengue,2017-04-30,9.0
Dengue,2017-05-07,13.0
Dengue,2017-05-14,11.0
Dengue,2017-05-21,7.0
Dengue,2017-05-28,16.0
Dengue,2017-06-04,14.0
Dengue,2017-06-11,14.0
Dengue,2017-06-18,24.0
Dengue,2017-06-25,14.0
Dengue,2017-07-02,9.0
Dengue,2017-07-09,11.0
Dengue,2017-07-16,15.0
Dengue,2017-07-23,8.0
Dengue,2017-07-30,10.0
Dengue,2017-08-06,7.0
Dengue,2017-08-13,6.0
Dengue,2017-08-20,13.0
Dengue,2017-08-27,5.0
Dengue,2017-09-03,7.0
Dengue,2017-09-10,9.0
Dengue,2017-09-17,6.0
Dengue,2017-09-24,10.0
Dengue,2017-10-01,8.0
Dengue,2017-10-08,3.0
Dengue,2017-10-15,8.0
Dengue,2017-10-22,3.0
Dengue,2017-10-29,7.0
Dengue,2017-11-05,4.0
Dengue,2017-11-12,1.0
Dengue,2017-11-19,6.0
Dengue,2017-11-26,5.0
Dengue,2017-12-03,7.0
Dengue,2017-12-10,7.0
Dengue,2017-12-17,9.0
Dengue,2017-12-24,4.0
Dengue,2017-12-31,7.0
Dengue,2018-01-07,3.0
Dengue,2018-01-14,9.0
Dengue,2018-01-21,7.0
Dengue,2018-01-28,9.0
Dengue,2018-02-04,4.0
Dengue,2018-02-11,7.0
Dengue,2018-02-18,4.0
Dengue,2018-02-25,2.0
Dengue,2018-03-04,3.0
Dengue,2018-03-11,5.0
Dengue,2018-03-18,12.0
Dengue,2018-03-25,5.0
Dengue,2018-04-01,4.0
Dengue,2018-04-08,6.0
Dengue,2018-04-15,10.0
Dengue,2018-04-22,4.0
Dengue,2018-04-29,10.0
Dengue,2018-05-06,10.0
Dengue,2018-05-13,7.0
Dengue,2018-05-20,9.0
Dengue,2018-05-27,11.0
Dengue,2018-06-03,7.0
Dengue,2018-06-10,3.0
Dengue,2018-06-17,11.0
Dengue,2018-06-24,16.0
Dengue,2018-07-01,5.0
Dengue,2018-07-08,5.0
Dengue,2018-07-15,6.0
Dengue,2018-07-22,5.0
Dengue,2018-07-29,5.0
Dengue,2018-08-05,7.0
Dengue,2018-08-12,5.0
Dengue,2018-08-19,6.0
Dengue,2018-08-26,5.0
Dengue,2018-09-02,3.0
Dengue,2018-09-09,11.0
Dengue,2018-09-16,6.0
Dengue,2018-09-23,4.0
Dengue,2018-09-30,3.0
Dengue,2018-10-07,9.0
Dengue,2018-10-14,2.0
Dengue,2018-10-21,2.0
Dengue,2018-10-28,1.0
Dengue,2018-11-04,6.0
Dengue,2018-11-11,1.0
Dengue,2018-11-18,2.0
Dengue,2018-11-25,4.0
Dengue,2018-12-02,2.0
Dengue,2018-12-09,2.0
Dengue,2018-12-16,4.0
Dengue,2018-12-23,2.0
Dengue,2018-12-30,6.0
Dengue,2019-01-06,5.0
Dengue,2019-01-13,12.0
Dengue,2019-01-20,11.0
Dengue,2019-01-27,3.0
Dengue,2019-02-03,5.0
Dengue,2019-02-10,9.0
Dengue,2019-02-17,6.0
Dengue,2019-02-24,8.0
Dengue,2019-03-03,6.0
Dengue,2019-03-10,7.0
Dengue,2019-03-17,11.0
Dengue,2019-03-24,21.0
Dengue,2019-03-31,6.0
Dengue,2019-04-07,11.0
Dengue,2019-04-14,9.0
Dengue,2019-04-21,7.0
Dengue,2019-04-28,9.0
Dengue,2019-05-05,14.0
Dengue,2019-05-12,14.0
Dengue,2019-05-19,17.0
Dengue,2019-05-26,14.0
Dengue,2019-06-02,17.0
Dengue,2019-06-09,22.0
Dengue,2019-06-16,19.0
Dengue,2019-06-23,16.0
Dengue,2019-06-30,24.0
Dengue,2019-07-07,23.0
Dengue,2019-07-14,19.0
Dengue,2019-07-21,30.0
Dengue,2019-07-28,29.0
Dengue,2019-08-04,31.0
Dengue,2019-08-11,32.0
Dengue,2019-08-18,43.0
Dengue,2019-08-25,40.0
Dengue,2019-09-01,41.0
Dengue,2019-09-08,62.0
Dengue,2019-09-15,54.0
Dengue,2019-09-22,62.0
Dengue,2019-09-29,80.0
Dengue,2019-10-06,44.0
Dengue,2019-10-13,60.0
Dengue,2019-10-20,45.0
Dengue,2019-10-27,41.0
Dengue,2019-11-03,49.0
Dengue,2019-11-10,57.0
Dengue,2019-11-17,81.0
Dengue,2019-11-24,66.0
Dengue,2019-12-01,99.0
Dengue,2019-12-08,101.0
Dengue,2019-12-15,97.0
Dengue,2019-12-22,127.0
Dengue,2019-12-29,136.0
Dengue,2020-01-05,162.0
Dengue,2020-01-12,180.0
Dengue,2020-01-19,264.0
Dengue,2020-01-26,192.0
Dengue,2020-02-02,438.0
Dengue,2020-02-09,348.0
Dengue,2020-02-16,338.0
Dengue,2020-02-23,359.0
Dengue,2020-03-01,379.0
Dengue,2020-03-08,305.0
Dengue,2020-03-15,396.0
Dengue,2020-03-22,271.0
Dengue,2020-03-29,255.0
Dengue,2020-04-05,207.0
Dengue,2020-04-12,209.0
Dengue,2020-04-19,177.0
Dengue,2020-04-26,161.0
Dengue,2020-05-03,142.0
Dengue,2020-05-10,155.0
Dengue,2020-05-17,136.0
Dengue,2020-05-24,117.0
Dengue,2020-05-31,121.0
Dengue,2020-06-07,120.0
Dengue,2020-06-14,96.0
Dengue,2020-06-21,73.0
Dengue,2020-06-28,104.0
Dengue,2020-07-05,83.0
Dengue,2020-07-12,68.0
Dengue,2020-07-19,55.0
Dengue,2020-07-26,55.0
Dengue,2020-08-02,76.0
Dengue,2020-08-09,54.0
Dengue,2020-08-16,76.0
Dengue,2020-08-23,66.0
Dengue,2020-08-30,74.0
Dengue,2020-09-06,54.0
Dengue,2020-09-13,65.0
Dengue,2020-09-20,67.0
Dengue,2020-09-27,59.0
Dengue,2020-10-04,62.0
Dengue,2020-10-11,60.0
Dengue,2020-10-18,59.0
Dengue,2020-10-25,48.0
Dengue,2020-11-01,54.0
Dengue,2020-11-08,62.0
Dengue,2020-11-15,56.0
Dengue,2020-11-22,54.0
Dengue,2020-11-29,44.0
Dengue,2020-12-06,53.0
Dengue,2020-12-13,59.0
Dengue,2020-12-20,53.0
Dengue,2020-12-27,34.0
Dengue,2021-01-03,82.0
Dengue,2021-01-10,78.0
Dengue,2021-01-17,93.0
Dengue,2021-01-24,79.0
Dengue,2021-01-31,111.0
Dengue,2021-02-07,133.0
Dengue,2021-02-14,136.0
Dengue,2021-02-21,122.0
Dengue,2021-02-28,148.0
Dengue,2021-03-07,151.0
Dengue,2021-03-14,116.0
Dengue,2021-03-21,79.0
Dengue,2021-03-28,86.0
Dengue,2021-04-04,69.0
Dengue,2021-04-11,60.0
Dengue,2021-04-18,77.0
Dengue,2021-04-25,51.0
Dengue,2021-05-02,46.0
Dengue,2021-05-09,39.0
Dengue,2021-05-16,53.0
Dengue,2021-05-23,48.0
Dengue,2021-05-30,62.0
Dengue,2021-06-06,65.0
Dengue,2021-06-13,62.0
Dengue,2021-06-20,58.0
Dengue,2021-06-27,65.0
Dengue,2021-07-04,90.0
Dengue,2021-07-11,61.0
Dengue,2021-07-18,55.0
Dengue,2021-07-25,60.0
Dengue,2021-08-01,78.0
Dengue,2021-08-08,62.0
Dengue,2021-08-15,86.0
Dengue,2021-08-22,69.0
Dengue,2021-08-29,71.0
Dengue,2021-09-05,70.0
Dengue,2021-09-12,88.0
Dengue,2021-09-19,60.0
Dengue,2021-09-26,70.0
Dengue,2021-10-03,56.0
Dengue,2021-10-10,54.0
Dengue,2021-10-17,67.0
Dengue,2021-10-24,63.0
Dengue,2021-10-31,49.0
Dengue,2021-11-07,48.0
Dengue,2021-11-14,51.0
Dengue,2021-11-21,45.0
Dengue,2021-11-28,53.0
Dengue,2021-12-05,70.0
Dengue,2021-12-12,50.0
Dengue,2021-12-19,51.0
Dengue,2021-12-26,60.0
Dengue,2022-01-02,43.0
Dengue,2022-01-09,30.0
Dengue,2022-01-16,25.0
Dengue,2022-01-23,55.0
Dengue,2022-01-30,41.0
Dengue,2022-02-06,51.0
Dengue,2022-02-13,55.0
Dengue,2022-02-20,29.0
Dengue,2022-02-27,50.0
Dengue,2022-03-06,46.0
Dengue,2022-03-13,47.0
Dengue,2022-03-20,32.0
Dengue,2022-03-27,51.0
Dengue,2022-04-03,48.0
Dengue,2022-04-10,44.0
Dengue,2022-04-17,34.0
Dengue,2022-04-24,41.0
Dengue,2022-05-01,36.0
Dengue,2022-05-08,37.0
Dengue,2022-05-15,41.0
Dengue,2022-05-22,43.0
Dengue,2022-05-29,39.0
Dengue,2022-06-05,33.0
Dengue,2022-06-12,35.0
Dengue,2022-06-19,25.0
Dengue,2022-06-26,37.0
Dengue,2022-07-03,20.0
Dengue,2022-07-10,27.0
Dengue,2022-07-17,30.0
Dengue,2022-07-24,33.0
Dengue,2022-07-31,35.0
Dengue,2022-08-07,23.0
Dengue,2022-08-14,36.0
Dengue,2022-08-21,33.0
Dengue,2022-08-28,32.0
Dengue,2022-09-04,39.0
Dengue,2022-09-11,44.0
Dengue,2022-09-18,54.0
Dengue,2022-09-25,31.0
Dengue,2022-10-02,29.0
Dengue,2022-10-09,39.0
Dengue,2022-10-16,24.0
Dengue,2022-10-23,28.0
Dengue,2022-10-30,21.0
Dengue,2022-11-06,31.0
Dengue,2022-11-13,29.0
Dengue,2022-11-20,27.0
Dengue,2022-11-27,49.0
Dengue,2022-12-04,33.0
Dengue,2022-12-11,30.0
Dengue,2022-12-18,26.0
Dengue,2022-12-25,23.0
Dengue,2023-01-01,30.0
Dengue,2023-01-08,30.0
Dengue,2023-01-15,23.0
Dengue,2023-01-22,32.0
Dengue,2023-01-29,35.0
Dengue,2023-02-05,40.0
Dengue,2023-02-12,49.0
Dengue,2023-02-19,34.0
Dengue,2023-02-26,44.0
Dengue,2023-03-05,55.0
Dengue,2023-03-12,52.0
Dengue,2023-03-19,49.0
Dengue,2023-03-26,58.0
Dengue,2023-04-02,68.0
Dengue,2023-04-09,39.0
Dengue,2023-04-16,79.0
Dengue,2023-04-23,68.0
Dengue,2023-04-30,51.0
Dengue,2023-05-07,60.0
Dengue,2023-05-14,78.0
Dengue,2023-05-21,83.0
Dengue,2023-05-28,85.0
Dengue,2023-06-04,99.0
Dengue,2023-06-11,99.0
Dengue,2023-06-18,133.0
Dengue,2023-06-25,136.0
Dengue,2023-07-02,153.0
Dengue,2023-07-09,185.0
Dengue,2023-07-16,211.0
Dengue,2023-07-23,235.0
Dengue,2023-07-30,273.0
Dengue,2023-08-06,221.0
Dengue,2023-08-13,264.0
Dengue,2023-08-20,294.0
Dengue,2023-08-27,267.0
Dengue,2023-09-03,410.0
Dengue,2023-09-10,355.0
Dengue,2023-09-17,359.0
Dengue,2023-09-24,382.0
Dengue,2023-10-01,358.0
Dengue,2023-10-08,330.0
Dengue,2023-10-15,321.0
Dengue,2023-10-22,297.0
Dengue,2023-10-29,326.0
Dengue,2023-11-05,363.0
Dengue,2023-11-12,250.0
Dengue,2023-11-19,316.0
Dengue,2023-11-26,366.0
Dengue,2023-12-03,397.0
Dengue,2023-12-10,418.0
Dengue,2023-12-17,442.0
Dengue,2023-12-24,466.0
Dengue,2023-12-31,537.0
Dengue,2024-01-07,213.0
Dengue,2024-01-14,42.0
Dengue,2024-01-21,13.0
Dengue,2024-01-28,3.0
Dengue,2024-02-04,6.0
Dengue,2024-02-11,4.0
Dengue,2024-02-18,7.0
Dengue,2024-02-25,6.0
Dengue,2024-03-03,0.0
Dengue,2024-03-10,5.0
Dengue,2024-03-17,0.0
Dengue,2024-03-24,0.0
Dengue,2024-03-31,1.0
