anio,semana_epi,casos,temp_media_c_lag1,temp_media_c_lag2,temp_media_c_lag3,temp_media_c_lag4,precipitacion_mm_lag1,precipitacion_mm_lag2,precipitacion_mm_lag3,precipitacion_mm_lag4,humedad_media_pct_lag1,humedad_media_pct_lag2,humedad_media_pct_lag3,humedad_media_pct_lag4,casos_lag1,casos_lag2,casos_lag4
2010,1,223,21.2,,,,,,,,,,,,,,
2010,2,259,20.97142857,21.2,,,19.2,,,,84.57142857,,,,223,,
2010,3,295,21.35714286,20.97142857,21.2,,25.9,19.2,,,84.85714286,84.57142857,,,259,223,
2010,4,338,21.38571429,21.35714286,20.97142857,21.2,22.5,25.9,19.2,,85.71428571,84.85714286,84.57142857,,295,259,
2010,5,428,21.57142857,21.38571429,21.35714286,20.97142857,23.1,22.5,25.9,19.2,85.28571429,85.71428571,84.85714286,84.57142857,338,295,223
2010,6,540,22.38571429,21.57142857,21.38571429,21.35714286,153,23.1,22.5,25.9,84.85714286,85.28571429,85.71428571,84.85714286,428,338,259
2010,7,549,21.61428571,22.38571429,21.57142857,21.38571429,67.3,153,23.1,22.5,85.71428571,84.85714286,85.28571429,85.71428571,540,428,295
2010,8,485,21.85714286,21.61428571,22.38571429,21.57142857,98.4,67.3,153,23.1,86,85.71428571,84.85714286,85.28571429,549,540,338
2010,9,502,21.44285714,21.85714286,21.61428571,22.38571429,106.1,98.4,67.3,153,85.28571429,86,85.71428571,84.85714286,485,549,428
2010,10,453,21.88571429,21.44285714,21.85714286,21.61428571,20,106.1,98.4,67.3,84.85714286,85.28571429,86,85.71428571,502,485,540
2010,11,424,22.1,21.88571429,21.44285714,21.85714286,24.9,20,106.1,98.4,84.42857143,84.85714286,85.28571429,86,453,502,549
2010,12,349,21.64285714,22.1,21.88571429,21.44285714,24.2,24.9,20,106.1,85.14285714,84.42857143,84.85714286,85.28571429,424,453,485
2010,13,293,22.08571429,21.64285714,22.1,21.88571429,38.1,24.2,24.9,20,83.28571429,85.14285714,84.42857143,84.85714286,349,424,502
2010,14,348,21.85714286,22.08571429,21.64285714,22.1,96,38.1,24.2,24.9,85.42857143,83.28571429,85.14285714,84.42857143,293,349,453
2010,15,291,21.64285714,21.85714286,22.08571429,21.64285714,38.6,96,38.1,24.2,84,85.42857143,83.28571429,85.14285714,348,293,424
2010,16,272,21.52857143,21.64285714,21.85714286,22.08571429,120.9,38.6,96,38.1,82.71428571,84,85.42857143,83.28571429,291,348,349
2010,17,206,22.24285714,21.52857143,21.64285714,21.85714286,126.2,120.9,38.6,96,85.14285714,82.71428571,84,85.42857143,272,291,293
2010,18,231,21.15714286,22.24285714,21.52857143,21.64285714,129.3,126.2,120.9,38.6,87.28571429,85.14285714,82.71428571,84,206,272,348
2010,19,209,21.55714286,21.15714286,22.24285714,21.52857143,66.1,129.3,126.2,120.9,85,87.28571429,85.14285714,82.71428571,231,206,291
2010,20,216,22.41428571,21.55714286,21.15714286,22.24285714,9.2,66.1,129.3,126.2,83.14285714,85,87.28571429,85.14285714,209,231,272
2010,21,190,21.97142857,22.41428571,21.55714286,21.15714286,53.9,9.2,66.1,129.3,84.71428571,83.14285714,85,87.28571429,216,209,206
2010,22,231,21.4,21.97142857,22.41428571,21.55714286,35.2,53.9,9.2,66.1,81.57142857,84.71428571,83.14285714,85,190,216,231
2010,23,204,21.72857143,21.4,21.97142857,22.41428571,13.2,35.2,53.9,9.2,83.14285714,81.57142857,84.71428571,83.14285714,231,190,209
2010,24,203,21.31428571,21.72857143,21.4,21.97142857,31.1,13.2,35.2,53.9,82.85714286,83.14285714,81.57142857,84.71428571,204,231,216
2010,25,196,20.52857143,21.31428571,21.72857143,21.4,82.2,31.1,13.2,35.2,86,82.85714286,83.14285714,81.57142857,203,204,190
2010,26,153,21.24285714,20.52857143,21.31428571,21.72857143,30,82.2,31.1,13.2,82.71428571,86,82.85714286,83.14285714,196,203,231
2010,27,173,21.05714286,21.24285714,20.52857143,21.31428571,28.3,30,82.2,31.1,83.42857143,82.71428571,86,82.85714286,153,196,204
2010,28,159,20.52857143,21.05714286,21.24285714,20.52857143,54.9,28.3,30,82.2,86.28571429,83.42857143,82.71428571,86,173,153,203
2010,29,172,20.54285714,20.52857143,21.05714286,21.24285714,70.8,54.9,28.3,30,85.57142857,86.28571429,83.42857143,82.71428571,159,173,196
2010,30,153,21.04285714,20.54285714,20.52857143,21.05714286,12.4,70.8,54.9,28.3,83,85.57142857,86.28571429,83.42857143,172,159,153
2010,31,164,20.64285714,21.04285714,20.54285714,20.52857143,45.7,12.4,70.8,54.9,85.28571429,83,85.57142857,86.28571429,153,172,173
2010,32,126,20.98571429,20.64285714,21.04285714,20.54285714,56.7,45.7,12.4,70.8,84.28571429,85.28571429,83,85.57142857,164,153,159
2010,33,132,20.6,20.98571429,20.64285714,21.04285714,42.3,56.7,45.7,12.4,84.57142857,84.28571429,85.28571429,83,126,164,172
2010,34,131,20.48571429,20.6,20.98571429,20.64285714,50.6,42.3,56.7,45.7,85.85714286,84.57142857,84.28571429,85.28571429,132,126,153
2010,35,119,20.72857143,20.48571429,20.6,20.98571429,67.4,50.6,42.3,56.7,85.42857143,85.85714286,84.57142857,84.28571429,131,132,164
2010,36,125,20.21428571,20.72857143,20.48571429,20.6,76.3,67.4,50.6,42.3,86.14285714,85.42857143,85.85714286,84.57142857,119,131,126
2010,37,95,21.07142857,20.21428571,20.72857143,20.48571429,14.3,76.3,67.4,50.6,82.57142857,86.14285714,85.42857143,85.85714286,125,119,132
2010,38,103,20.91428571,21.07142857,20.21428571,20.72857143,41.9,14.3,76.3,67.4,83.42857143,82.57142857,86.14285714,85.42857143,95,125,131
2010,39,113,20.37142857,20.91428571,21.07142857,20.21428571,58.7,41.9,14.3,76.3,85.42857143,83.42857143,82.57142857,86.14285714,103,95,119
2010,40,110,20.12857143,20.37142857,20.91428571,21.07142857,104.9,58.7,41.9,14.3,87.57142857,85.42857143,83.42857143,82.57142857,113,103,125
2010,41,77,21.05714286,20.12857143,20.37142857,20.91428571,87,104.9,58.7,41.9,83.28571429,87.57142857,85.42857143,83.42857143,110,113,95
2010,42,70,20.84285714,21.05714286,20.12857143,20.37142857,74,87,104.9,58.7,85.57142857,83.28571429,87.57142857,85.42857143,77,110,103
2010,43,74,20.15714286,20.84285714,21.05714286,20.12857143,63.1,74,87,104.9,85.85714286,85.57142857,83.28571429,87.57142857,70,77,113
2010,44,101,20.08571429,20.15714286,20.84285714,21.05714286,246.7,63.1,74,87,87.57142857,85.85714286,85.57142857,83.28571429,74,70,110
2010,45,64,20.28571429,20.08571429,20.15714286,20.84285714,228.8,246.7,63.1,74,87.85714286,87.57142857,85.85714286,85.57142857,101,74,77
2010,46,69,19.77142857,20.28571429,20.08571429,20.15714286,186.4,228.8,246.7,63.1,88.57142857,87.85714286,87.57142857,85.85714286,64,101,70
2010,47,67,19.62857143,19.77142857,20.28571429,20.08571429,85.2,186.4,228.8,246.7,86.28571429,88.57142857,87.85714286,87.57142857,69,64,74
2010,48,68,19.92857143,19.62857143,19.77142857,20.28571429,98.7,85.2,186.4,228.8,88.14285714,86.28571429,88.57142857,87.85714286,67,69,101
2010,49,49,20.04285714,19.92857143,19.62857143,19.77142857,135.1,98.7,85.2,186.4,86.57142857,88.14285714,86.28571429,88.57142857,68,67,64
2010,50,33,20.41428571,20.04285714,19.92857143,19.62857143,46.9,135.1,98.7,85.2,85.85714286,86.57142857,88.14285714,86.28571429,49,68,69
2010,51,41,19.77142857,20.41428571,20.04285714,19.92857143,94,46.9,135.1,98.7,87.28571429,85.85714286,86.57142857,88.14285714,33,49,67
2010,52,39,20.07142857,19.77142857,20.41428571,20.04285714,29.1,94,46.9,135.1,83.71428571,87.28571429,85.85714286,86.57142857,41,33,68
2011,1,24,20.34285714,20.07142857,19.77142857,20.41428571,43.5,29.1,94,46.9,84.71428571,83.71428571,87.28571429,85.85714286,39,41,49
2011,2,25,19.97142857,20.34285714,20.07142857,19.77142857,65.9,43.5,29.1,94,85.42857143,84.71428571,83.71428571,87.28571429,24,39,33
2011,3,23,20.81428571,19.97142857,20.34285714,20.07142857,46.4,65.9,43.5,29.1,85.57142857,85.42857143,84.71428571,83.71428571,25,24,41
2011,4,18,20.45714286,20.81428571,19.97142857,20.34285714,13.2,46.4,65.9,43.5,84.42857143,85.57142857,85.42857143,84.71428571,23,25,39
2011,5,13,20.24285714,20.45714286,20.81428571,19.97142857,42.9,13.2,46.4,65.9,85.85714286,84.42857143,85.57142857,85.42857143,18,23,24
2011,6,13,20.87142857,20.24285714,20.45714286,20.81428571,61.4,42.9,13.2,46.4,85,85.85714286,84.42857143,85.57142857,13,18,25
2011,7,14,20.18571429,20.87142857,20.24285714,20.45714286,48.7,61.4,42.9,13.2,86.42857143,85,85.85714286,84.42857143,13,13,23
2011,8,21,19.95714286,20.18571429,20.87142857,20.24285714,88.4,48.7,61.4,42.9,87.85714286,86.42857143,85,85.85714286,14,13,18
2011,9,17,20.52857143,19.95714286,20.18571429,20.87142857,61.8,88.4,48.7,61.4,83.28571429,87.85714286,86.42857143,85,21,14,13
2011,10,15,19.48571429,20.52857143,19.95714286,20.18571429,122.7,61.8,88.4,48.7,87,83.28571429,87.85714286,86.42857143,17,21,13
2011,11,8,19.47142857,19.48571429,20.52857143,19.95714286,87.2,122.7,61.8,88.4,82.14285714,87,83.28571429,87.85714286,15,17,14
2011,12,13,20.31428571,19.47142857,19.48571429,20.52857143,49.2,87.2,122.7,61.8,83.85714286,82.14285714,87,83.28571429,8,15,21
2011,13,7,20.88571429,20.31428571,19.47142857,19.48571429,75.6,49.2,87.2,122.7,84.57142857,83.85714286,82.14285714,87,13,8,17
2011,14,7,21.41428571,20.88571429,20.31428571,19.47142857,21.9,75.6,49.2,87.2,83.57142857,84.57142857,83.85714286,82.14285714,7,13,15
2011,15,6,20.65714286,21.41428571,20.88571429,20.31428571,128.1,21.9,75.6,49.2,86.71428571,83.57142857,84.57142857,83.85714286,7,7,8
2011,16,7,19.98571429,20.65714286,21.41428571,20.88571429,115.9,128.1,21.9,75.6,87.28571429,86.71428571,83.57142857,84.57142857,6,7,13
2011,17,10,20.14285714,19.98571429,20.65714286,21.41428571,74.4,115.9,128.1,21.9,86.28571429,87.28571429,86.71428571,83.57142857,7,6,7
2011,18,14,21.02857143,20.14285714,19.98571429,20.65714286,75.1,74.4,115.9,128.1,85.28571429,86.28571429,87.28571429,86.71428571,10,7,7
2011,19,6,22.37142857,21.02857143,20.14285714,19.98571429,10.9,75.1,74.4,115.9,80,85.28571429,86.28571429,87.28571429,14,10,6
2011,20,9,21.47142857,22.37142857,21.02857143,20.14285714,142.1,10.9,75.1,74.4,84.57142857,80,85.28571429,86.28571429,6,14,7
2011,21,9,20.15714286,21.47142857,22.37142857,21.02857143,55.5,142.1,10.9,75.1,83.14285714,84.57142857,80,85.28571429,9,6,10
2011,22,13,21.14285714,20.15714286,21.47142857,22.37142857,46.8,55.5,142.1,10.9,83.57142857,83.14285714,84.57142857,80,9,9,14
2011,23,9,20.95714286,21.14285714,20.15714286,21.47142857,36.9,46.8,55.5,142.1,84.42857143,83.57142857,83.14285714,84.57142857,13,9,6
2011,24,9,21.75714286,20.95714286,21.14285714,20.15714286,2.2,36.9,46.8,55.5,81.71428571,84.42857143,83.57142857,83.14285714,9,13,9
2011,25,11,21.57142857,21.75714286,20.95714286,21.14285714,30.2,2.2,36.9,46.8,81.85714286,81.71428571,84.42857143,83.57142857,9,9,9
2011,26,8,21.11428571,21.57142857,21.75714286,20.95714286,70.2,30.2,2.2,36.9,83.71428571,81.85714286,81.71428571,84.42857143,11,9,13
2011,27,10,20.82857143,21.11428571,21.57142857,21.75714286,28.8,70.2,30.2,2.2,83.57142857,83.71428571,81.85714286,81.71428571,8,11,9
2011,28,4,21.22857143,20.82857143,21.11428571,21.57142857,4.9,28.8,70.2,30.2,82.28571429,83.57142857,83.71428571,81.85714286,10,8,9
2011,29,13,20.2,21.22857143,20.82857143,21.11428571,38,4.9,28.8,70.2,85.28571429,82.28571429,83.57142857,83.71428571,4,10,11
2011,30,12,21.44285714,20.2,21.22857143,20.82857143,4.8,38,4.9,28.8,80.57142857,85.28571429,82.28571429,83.57142857,13,4,8
2011,31,16,20.24285714,21.44285714,20.2,21.22857143,48.2,4.8,38,4.9,85.42857143,80.57142857,85.28571429,82.28571429,12,13,10
2011,32,15,21.41428571,20.24285714,21.44285714,20.2,11.2,48.2,4.8,38,81.14285714,85.42857143,80.57142857,85.28571429,16,12,4
2011,33,15,20.84285714,21.41428571,20.24285714,21.44285714,24.8,11.2,48.2,4.8,83,81.14285714,85.42857143,80.57142857,15,16,13
2011,34,15,20.41428571,20.84285714,21.41428571,20.24285714,37.5,24.8,11.2,48.2,84.71428571,83,81.14285714,85.42857143,15,15,12
2011,35,14,20.75714286,20.41428571,20.84285714,21.41428571,13.2,37.5,24.8,11.2,83.71428571,84.71428571,83,81.14285714,15,15,16
2011,36,8,21,20.75714286,20.41428571,20.84285714,27.8,13.2,37.5,24.8,82.28571429,83.71428571,84.71428571,83,14,15,15
2011,37,13,20.58571429,21,20.75714286,20.41428571,24.4,27.8,13.2,37.5,83.42857143,82.28571429,83.71428571,84.71428571,8,14,15
2011,38,10,20.87142857,20.58571429,21,20.75714286,19.4,24.4,27.8,13.2,81.42857143,83.42857143,82.28571429,83.71428571,13,8,15
2011,39,9,21.01428571,20.87142857,20.58571429,21,50.6,19.4,24.4,27.8,83.28571429,81.42857143,83.42857143,82.28571429,10,13,14
2011,40,12,20.97142857,21.01428571,20.87142857,20.58571429,135.3,50.6,19.4,24.4,84.71428571,83.28571429,81.42857143,83.42857143,9,10,8
2011,41,10,20.64285714,20.97142857,21.01428571,20.87142857,149.8,135.3,50.6,19.4,86.28571429,84.71428571,83.28571429,81.42857143,12,9,13
2011,42,10,19.97142857,20.64285714,20.97142857,21.01428571,203.4,149.8,135.3,50.6,86.28571429,86.28571429,84.71428571,83.28571429,10,12,10
2011,43,6,19.24285714,19.97142857,20.64285714,20.97142857,93.7,203.4,149.8,135.3,83.42857143,86.28571429,86.28571429,84.71428571,10,10,9
2011,44,9,20.2,19.24285714,19.97142857,20.64285714,55.6,93.7,203.4,149.8,85.42857143,83.42857143,86.28571429,86.28571429,6,10,12
2011,45,7,20.85714286,20.2,19.24285714,19.97142857,26,55.6,93.7,203.4,84.42857143,85.42857143,83.42857143,86.28571429,9,6,10
2011,46,11,20.21428571,20.85714286,20.2,19.24285714,235.1,26,55.6,93.7,87,84.42857143,85.42857143,83.42857143,7,9,10
2011,47,10,19.81428571,20.21428571,20.85714286,20.2,358.4,235.1,26,55.6,87.42857143,87,84.42857143,85.42857143,11,7,6
2011,48,7,20.02857143,19.81428571,20.21428571,20.85714286,117.9,358.4,235.1,26,86.14285714,87.42857143,87,84.42857143,10,11,9
2011,49,10,19.98571429,20.02857143,19.81428571,20.21428571,125.2,117.9,358.4,235.1,88,86.14285714,87.42857143,87,7,10,7
2011,50,7,19.92857143,19.98571429,20.02857143,19.81428571,181.6,125.2,117.9,358.4,87.85714286,88,86.14285714,87.42857143,10,7,11
2011,51,10,19.65714286,19.92857143,19.98571429,20.02857143,189.3,181.6,125.2,117.9,89.28571429,87.85714286,88,86.14285714,7,10,10
2011,52,13,20.88571429,19.65714286,19.92857143,19.98571429,85.8,189.3,181.6,125.2,85.14285714,89.28571429,87.85714286,88,10,7,7
2012,1,17,21.48571429,20.88571429,19.65714286,19.92857143,20,85.8,189.3,181.6,83,85.14285714,89.28571429,87.85714286,13,10,10
2012,2,18,20.32857143,21.48571429,20.88571429,19.65714286,211.8,20,85.8,189.3,86.57142857,83,85.14285714,89.28571429,17,13,7
2012,3,16,21.04285714,20.32857143,21.48571429,20.88571429,16.2,211.8,20,85.8,83.42857143,86.57142857,83,85.14285714,18,17,10
2012,4,24,20.12857143,21.04285714,20.32857143,21.48571429,54.1,16.2,211.8,20,85.71428571,83.42857143,86.57142857,83,16,18,13
2012,5,15,20.2,20.12857143,21.04285714,20.32857143,138.1,54.1,16.2,211.8,84.85714286,85.71428571,83.42857143,86.57142857,24,16,17
2012,6,25,20.82857143,20.2,20.12857143,21.04285714,33.8,138.1,54.1,16.2,83.71428571,84.85714286,85.71428571,83.42857143,15,24,18
2012,7,21,20.51428571,20.82857143,20.2,20.12857143,70.5,33.8,138.1,54.1,86.71428571,83.71428571,84.85714286,85.71428571,25,15,16
2012,8,24,19.84285714,20.51428571,20.82857143,20.2,52,70.5,33.8,138.1,86.14285714,86.71428571,83.71428571,84.85714286,21,25,24
2012,9,30,19.9,19.84285714,20.51428571,20.82857143,34.3,52,70.5,33.8,85.14285714,86.14285714,86.71428571,83.71428571,24,21,15
2012,10,37,20.75714286,19.9,19.84285714,20.51428571,14,34.3,52,70.5,82.71428571,85.14285714,86.14285714,86.71428571,30,24,25
2012,11,35,21.6,20.75714286,19.9,19.84285714,8.4,14,34.3,52,80,82.71428571,85.14285714,86.14285714,37,30,21
2012,12,30,21.65714286,21.6,20.75714286,19.9,39.1,8.4,14,34.3,80.42857143,80,82.71428571,85.14285714,35,37,24
2012,13,21,20.47142857,21.65714286,21.6,20.75714286,167.9,39.1,8.4,14,87,80.42857143,80,82.71428571,30,35,30
2012,14,19,21.61428571,20.47142857,21.65714286,21.6,38.5,167.9,39.1,8.4,82.71428571,87,80.42857143,80,21,30,37
2012,15,14,20.62857143,21.61428571,20.47142857,21.65714286,148.5,38.5,167.9,39.1,85.57142857,82.71428571,87,80.42857143,19,21,35
2012,16,23,19.84285714,20.62857143,21.61428571,20.47142857,72.1,148.5,38.5,167.9,85.28571429,85.57142857,82.71428571,87,14,19,30
2012,17,17,20.62857143,19.84285714,20.62857143,21.61428571,89,72.1,148.5,38.5,84,85.28571429,85.57142857,82.71428571,23,14,21
2012,18,11,21.34285714,20.62857143,19.84285714,20.62857143,85.1,89,72.1,148.5,83.57142857,84,85.28571429,85.57142857,17,23,19
2012,19,15,21.3,21.34285714,20.62857143,19.84285714,70.7,85.1,89,72.1,84.14285714,83.57142857,84,85.28571429,11,17,14
2012,20,15,21.08571429,21.3,21.34285714,20.62857143,35.9,70.7,85.1,89,84.14285714,84.14285714,83.57142857,84,15,11,23
2012,21,16,21.01428571,21.08571429,21.3,21.34285714,50.9,35.9,70.7,85.1,84.28571429,84.14285714,84.14285714,83.57142857,15,15,17
2012,22,8,21.11428571,21.01428571,21.08571429,21.3,11.8,50.9,35.9,70.7,83,84.28571429,84.14285714,84.14285714,16,15,11
2012,23,16,21.77142857,21.11428571,21.01428571,21.08571429,3,11.8,50.9,35.9,80.85714286,83,84.28571429,84.14285714,8,16,15
2012,24,18,22.01428571,21.77142857,21.11428571,21.01428571,10.6,3,11.8,50.9,79.71428571,80.85714286,83,84.28571429,16,8,15
2012,25,18,21.35714286,22.01428571,21.77142857,21.11428571,9.2,10.6,3,11.8,81.14285714,79.71428571,80.85714286,83,18,16,16
2012,26,18,20.74285714,21.35714286,22.01428571,21.77142857,24.3,9.2,10.6,3,83,81.14285714,79.71428571,80.85714286,18,18,8
2012,27,21,20.52857143,20.74285714,21.35714286,22.01428571,14.3,24.3,9.2,10.6,81.85714286,83,81.14285714,79.71428571,18,18,16
2012,28,19,20.92857143,20.52857143,20.74285714,21.35714286,10.7,14.3,24.3,9.2,82.28571429,81.85714286,83,81.14285714,21,18,18
2012,29,15,21.12857143,20.92857143,20.52857143,20.74285714,8.4,10.7,14.3,24.3,81.71428571,82.28571429,81.85714286,83,19,21,18
2012,30,21,21.84285714,21.12857143,20.92857143,20.52857143,0.4,8.4,10.7,14.3,78.14285714,81.71428571,82.28571429,81.85714286,15,19,18
2012,31,22,21.64285714,21.84285714,21.12857143,20.92857143,5.3,0.4,8.4,10.7,80.28571429,78.14285714,81.71428571,82.28571429,21,15,21
2012,32,8,21.37142857,21.64285714,21.84285714,21.12857143,26.5,5.3,0.4,8.4,80.28571429,80.28571429,78.14285714,81.71428571,22,21,19
2012,33,14,20.87142857,21.37142857,21.64285714,21.84285714,43.9,26.5,5.3,0.4,83.28571429,80.28571429,80.28571429,78.14285714,8,22,15
2012,34,18,20.87142857,20.87142857,21.37142857,21.64285714,36.8,43.9,26.5,5.3,83.14285714,83.28571429,80.28571429,80.28571429,14,8,21
2012,35,20,20.88571429,20.87142857,20.87142857,21.37142857,20.2,36.8,43.9,26.5,84,83.14285714,83.28571429,80.28571429,18,14,22
2012,36,21,21.3,20.88571429,20.87142857,20.87142857,0.7,20.2,36.8,43.9,79.71428571,84,83.14285714,83.28571429,20,18,8
2012,37,17,21.45714286,21.3,20.88571429,20.87142857,9.1,0.7,20.2,36.8,79.85714286,79.71428571,84,83.14285714,21,20,14
2012,38,26,21.51428571,21.45714286,21.3,20.88571429,9.7,9.1,0.7,20.2,81.57142857,79.85714286,79.71428571,84,17,21,18
2012,39,17,20.58571429,21.51428571,21.45714286,21.3,43.6,9.7,9.1,0.7,85,81.57142857,79.85714286,79.71428571,26,17,20
2012,40,21,21.22857143,20.58571429,21.51428571,21.45714286,23.1,43.6,9.7,9.1,82,85,81.57142857,79.85714286,17,26,21
2012,41,19,20.7,21.22857143,20.58571429,21.51428571,175.4,23.1,43.6,9.7,85.57142857,82,85,81.57142857,21,17,17
2012,42,18,20.95714286,20.7,21.22857143,20.58571429,53.1,175.4,23.1,43.6,83.57142857,85.57142857,82,85,19,21,26
2012,43,23,20.17142857,20.95714286,20.7,21.22857143,97.4,53.1,175.4,23.1,82.71428571,83.57142857,85.57142857,82,18,19,17
2012,44,27,21.07142857,20.17142857,20.95714286,20.7,91.5,97.4,53.1,175.4,81.71428571,82.71428571,83.57142857,85.57142857,23,18,21
2012,45,17,20.81428571,21.07142857,20.17142857,20.95714286,43.5,91.5,97.4,53.1,84.28571429,81.71428571,82.71428571,83.57142857,27,23,19
2012,46,27,20.68571429,20.81428571,21.07142857,20.17142857,122.2,43.5,91.5,97.4,86.42857143,84.28571429,81.71428571,82.71428571,17,27,18
2012,47,23,20.25714286,20.68571429,20.81428571,21.07142857,214.7,122.2,43.5,91.5,88.57142857,86.42857143,84.28571429,81.71428571,27,17,23
2012,48,32,20.94285714,20.25714286,20.68571429,20.81428571,36,214.7,122.2,43.5,85.14285714,88.57142857,86.42857143,84.28571429,23,27,27
2012,49,33,20.48571429,20.94285714,20.25714286,20.68571429,238.5,36,214.7,122.2,87.85714286,85.14285714,88.57142857,86.42857143,32,23,17
2012,50,29,20.38571429,20.48571429,20.94285714,20.25714286,152,238.5,36,214.7,85.85714286,87.85714286,85.14285714,88.57142857,33,32,27
2012,51,41,20.32857143,20.38571429,20.48571429,20.94285714,167.6,152,238.5,36,87.71428571,85.85714286,87.85714286,85.14285714,29,33,23
2012,52,46,20.41428571,20.32857143,20.38571429,20.48571429,83.9,167.6,152,238.5,86.28571429,87.71428571,85.85714286,87.85714286,41,29,32
2013,1,105,21.2,20.41428571,20.32857143,20.38571429,12.9,83.9,167.6,152,83.85714286,86.28571429,87.71428571,85.85714286,46,41,33
2013,2,104,21.27142857,21.2,20.41428571,20.32857143,4.9,12.9,83.9,167.6,83.71428571,83.85714286,86.28571429,87.71428571,105,46,29
2013,3,124,21.71428571,21.27142857,21.2,20.41428571,21.7,4.9,12.9,83.9,82.85714286,83.71428571,83.85714286,86.28571429,104,105,41
2013,4,117,21.11428571,21.71428571,21.27142857,21.2,133.2,21.7,4.9,12.9,85.57142857,82.85714286,83.71428571,83.85714286,124,104,46
2013,5,134,21.44285714,21.11428571,21.71428571,21.27142857,73.3,133.2,21.7,4.9,85.42857143,85.57142857,82.85714286,83.71428571,117,124,105
2013,6,118,21.48571429,21.44285714,21.11428571,21.71428571,47.4,73.3,133.2,21.7,85.14285714,85.42857143,85.57142857,82.85714286,134,117,104
2013,7,109,20.38571429,21.48571429,21.44285714,21.11428571,112.5,47.4,73.3,133.2,86.57142857,85.14285714,85.42857143,85.57142857,118,134,124
2013,8,150,20.31428571,20.38571429,21.48571429,21.44285714,37.6,112.5,47.4,73.3,85.42857143,86.57142857,85.14285714,85.42857143,109,118,117
2013,9,131,21.27142857,20.31428571,20.38571429,21.48571429,58.4,37.6,112.5,47.4,84.57142857,85.42857143,86.57142857,85.14285714,150,109,134
2013,10,124,21.7,21.27142857,20.31428571,20.38571429,25.3,58.4,37.6,112.5,83.28571429,84.57142857,85.42857143,86.57142857,131,150,118
2013,11,141,21.95714286,21.7,21.27142857,20.31428571,41.1,25.3,58.4,37.6,82.28571429,83.28571429,84.57142857,85.42857143,124,131,109
2013,12,145,21.7,21.95714286,21.7,21.27142857,75,41.1,25.3,58.4,84.42857143,82.28571429,83.28571429,84.57142857,141,124,150
2013,13,124,20.81428571,21.7,21.95714286,21.7,50.3,75,41.1,25.3,85.42857143,84.42857143,82.28571429,83.28571429,145,141,131
2013,14,200,21.78571429,20.81428571,21.7,21.95714286,53.7,50.3,75,41.1,83.14285714,85.42857143,84.42857143,82.28571429,124,145,124
2013,15,208,21.67142857,21.78571429,20.81428571,21.7,101.1,53.7,50.3,75,84.28571429,83.14285714,85.42857143,84.42857143,200,124,141
2013,16,249,22.14285714,21.67142857,21.78571429,20.81428571,13.2,101.1,53.7,50.3,82.14285714,84.28571429,83.14285714,85.42857143,208,200,145
2013,17,233,21.14285714,22.14285714,21.67142857,21.78571429,67.4,13.2,101.1,53.7,84.57142857,82.14285714,84.28571429,83.14285714,249,208,124
2013,18,229,21.21428571,21.14285714,22.14285714,21.67142857,47,67.4,13.2,101.1,84.28571429,84.57142857,82.14285714,84.28571429,233,249,200
2013,19,205,21.37142857,21.21428571,21.14285714,22.14285714,68.5,47,67.4,13.2,83.28571429,84.28571429,84.57142857,82.14285714,229,233,208
2013,20,193,21.44285714,21.37142857,21.21428571,21.14285714,52.2,68.5,47,67.4,82.28571429,83.28571429,84.28571429,84.57142857,205,229,249
2013,21,214,21.5,21.44285714,21.37142857,21.21428571,21.4,52.2,68.5,47,84,82.28571429,83.28571429,84.28571429,193,205,233
2013,22,218,20.91428571,21.5,21.44285714,21.37142857,109.3,21.4,52.2,68.5,85.28571429,84,82.28571429,83.28571429,214,193,229
2013,23,207,20.8,20.91428571,21.5,21.44285714,73.2,109.3,21.4,52.2,84.85714286,85.28571429,84,82.28571429,218,214,205
2013,24,205,21.42857143,20.8,20.91428571,21.5,6.5,73.2,109.3,21.4,81.57142857,84.85714286,85.28571429,84,207,218,193
2013,25,209,21.37142857,21.42857143,20.8,20.91428571,21.7,6.5,73.2,109.3,83.28571429,81.57142857,84.85714286,85.28571429,205,207,214
2013,26,191,21.41428571,21.37142857,21.42857143,20.8,24.5,21.7,6.5,73.2,84,83.28571429,81.57142857,84.85714286,209,205,218
2013,27,221,20.85714286,21.41428571,21.37142857,21.42857143,78.5,24.5,21.7,6.5,85.85714286,84,83.28571429,81.57142857,191,209,207
2013,28,210,20.57142857,20.85714286,21.41428571,21.37142857,17.2,78.5,24.5,21.7,83.57142857,85.85714286,84,83.28571429,221,191,205
2013,29,222,20.78571429,20.57142857,20.85714286,21.41428571,28.8,17.2,78.5,24.5,83.14285714,83.57142857,85.85714286,84,210,221,209
2013,30,178,21.25714286,20.78571429,20.57142857,20.85714286,13.9,28.8,17.2,78.5,82.14285714,83.14285714,83.57142857,85.85714286,222,210,191
2013,31,164,21.07142857,21.25714286,20.78571429,20.57142857,12.4,13.9,28.8,17.2,81.28571429,82.14285714,83.14285714,83.57142857,178,222,221
2013,32,167,21.3,21.07142857,21.25714286,20.78571429,11.4,12.4,13.9,28.8,81.57142857,81.28571429,82.14285714,83.14285714,164,178,210
2013,33,157,20.87142857,21.3,21.07142857,21.25714286,35.7,11.4,12.4,13.9,84.57142857,81.57142857,81.28571429,82.14285714,167,164,222
2013,34,155,21.42857143,20.87142857,21.3,21.07142857,10,35.7,11.4,12.4,81.42857143,84.57142857,81.57142857,81.28571429,157,167,178
2013,35,127,20.91428571,21.42857143,20.87142857,21.3,40.8,10,35.7,11.4,82.28571429,81.42857143,84.57142857,81.57142857,155,157,164
2013,36,112,21.17142857,20.91428571,21.42857143,20.87142857,13,40.8,10,35.7,81.28571429,82.28571429,81.42857143,84.57142857,127,155,167
2013,37,130,20.67142857,21.17142857,20.91428571,21.42857143,50.1,13,40.8,10,83.42857143,81.28571429,82.28571429,81.42857143,112,127,157
2013,38,141,20.84285714,20.67142857,21.17142857,20.91428571,57.9,50.1,13,40.8,85.14285714,83.42857143,81.28571429,82.28571429,130,112,155
2013,39,143,21.28571429,20.84285714,20.67142857,21.17142857,11.7,57.9,50.1,13,83.85714286,85.14285714,83.42857143,81.28571429,141,130,127
2013,40,159,21.38571429,21.28571429,20.84285714,20.67142857,132.3,11.7,57.9,50.1,83.71428571,83.85714286,85.14285714,83.42857143,143,141,112
2013,41,149,21.1,21.38571429,21.28571429,20.84285714,26.6,132.3,11.7,57.9,84.14285714,83.71428571,83.85714286,85.14285714,159,143,130
2013,42,165,20.55714286,21.1,21.38571429,21.28571429,50.4,26.6,132.3,11.7,86.42857143,84.14285714,83.71428571,83.85714286,149,159,141
2013,43,166,20.44285714,20.55714286,21.1,21.38571429,21.3,50.4,26.6,132.3,85.14285714,86.42857143,84.14285714,83.71428571,165,149,143
2013,44,151,20.88571429,20.44285714,20.55714286,21.1,75.1,21.3,50.4,26.6,85.28571429,85.14285714,86.42857143,84.14285714,166,165,159
2013,45,131,19.84285714,20.88571429,20.44285714,20.55714286,219,75.1,21.3,50.4,86.42857143,85.28571429,85.14285714,86.42857143,151,166,149
2013,46,150,20.12857143,19.84285714,20.88571429,20.44285714,103.1,219,75.1,21.3,84.42857143,86.42857143,85.28571429,85.14285714,131,151,165
2013,47,152,21,20.12857143,19.84285714,20.88571429,70.7,103.1,219,75.1,86.85714286,84.42857143,86.42857143,85.28571429,150,131,166
2013,48,144,19.7,21,20.12857143,19.84285714,205.8,70.7,103.1,219,88.71428571,86.85714286,84.42857143,86.42857143,152,150,151
2013,49,148,19.81428571,19.7,21,20.12857143,207.2,205.8,70.7,103.1,87.57142857,88.71428571,86.85714286,84.42857143,144,152,131
2013,50,155,20.37142857,19.81428571,19.7,21,199.4,207.2,205.8,70.7,86.57142857,87.57142857,88.71428571,86.85714286,148,144,150
2013,51,123,21.17142857,20.37142857,19.81428571,19.7,91.9,199.4,207.2,205.8,83.57142857,86.57142857,87.57142857,88.71428571,155,148,152
2013,52,104,20.6,21.17142857,20.37142857,19.81428571,129.8,91.9,199.4,207.2,89.42857143,83.57142857,86.57142857,87.57142857,123,155,144
2014,1,94,20.97142857,20.6,21.17142857,20.37142857,73.1,129.8,91.9,199.4,83.42857143,89.42857143,83.57142857,86.57142857,104,123,148
2014,2,90,21.15714286,20.97142857,20.6,21.17142857,51.1,73.1,129.8,91.9,86,83.42857143,89.42857143,83.57142857,94,104,155
2014,3,84,20.35714286,21.15714286,20.97142857,20.6,159.1,51.1,73.1,129.8,87.42857143,86,83.42857143,89.42857143,90,94,123
2014,4,86,21.15714286,20.35714286,21.15714286,20.97142857,14.5,159.1,51.1,73.1,83.85714286,87.42857143,86,83.42857143,84,90,104
2014,5,71,20.54285714,21.15714286,20.35714286,21.15714286,153.1,14.5,159.1,51.1,87,83.85714286,87.42857143,86,86,84,94
2014,6,81,20.82857143,20.54285714,21.15714286,20.35714286,65.9,153.1,14.5,159.1,85.57142857,87,83.85714286,87.42857143,71,86,90
2014,7,53,20.65714286,20.82857143,20.54285714,21.15714286,33.6,65.9,153.1,14.5,84.71428571,85.57142857,87,83.85714286,81,71,84
2014,8,63,20.92857143,20.65714286,20.82857143,20.54285714,59.7,33.6,65.9,153.1,85.42857143,84.71428571,85.57142857,87,53,81,86
2014,9,54,21.2,20.92857143,20.65714286,20.82857143,83.1,59.7,33.6,65.9,84.57142857,85.42857143,84.71428571,85.57142857,63,53,71
2014,10,58,20.71428571,21.2,20.92857143,20.65714286,119.4,83.1,59.7,33.6,86.85714286,84.57142857,85.42857143,84.71428571,54,63,81
2014,11,56,20.35714286,20.71428571,21.2,20.92857143,131.7,119.4,83.1,59.7,87.42857143,86.85714286,84.57142857,85.42857143,58,54,53
2014,12,54,20.84285714,20.35714286,20.71428571,21.2,48.1,131.7,119.4,83.1,85,87.42857143,86.85714286,84.57142857,56,58,63
2014,13,40,21.52857143,20.84285714,20.35714286,20.71428571,42.5,48.1,131.7,119.4,84,85,87.42857143,86.85714286,54,56,54
2014,14,62,21,21.52857143,20.84285714,20.35714286,109,42.5,48.1,131.7,84.57142857,84,85,87.42857143,40,54,58
2014,15,60,22.14285714,21,21.52857143,20.84285714,3.3,109,42.5,48.1,80,84.57142857,84,85,62,40,56
2014,16,48,21.65714286,22.14285714,21,21.52857143,6.6,3.3,109,42.5,83.57142857,80,84.57142857,84,60,62,54
2014,17,55,21.71428571,21.65714286,22.14285714,21,37.9,6.6,3.3,109,82.57142857,83.57142857,80,84.57142857,48,60,40
2014,18,53,21.54285714,21.71428571,21.65714286,22.14285714,127,37.9,6.6,3.3,83.85714286,82.57142857,83.57142857,80,55,48,62
2014,19,48,21.24285714,21.54285714,21.71428571,21.65714286,64,127,37.9,6.6,85.42857143,83.85714286,82.57142857,83.57142857,53,55,60
2014,20,50,20.54285714,21.24285714,21.54285714,21.71428571,165.1,64,127,37.9,88.14285714,85.42857143,83.85714286,82.57142857,48,53,48
2014,21,50,21.65714286,20.54285714,21.24285714,21.54285714,22.3,165.1,64,127,82.71428571,88.14285714,85.42857143,83.85714286,50,48,55
2014,22,31,21.01428571,21.65714286,20.54285714,21.24285714,65.7,22.3,165.1,64,85,82.71428571,88.14285714,85.42857143,50,50,53
2014,23,66,21.51428571,21.01428571,21.65714286,20.54285714,37.1,65.7,22.3,165.1,84.42857143,85,82.71428571,88.14285714,31,50,48
2014,24,65,21.44285714,21.51428571,21.01428571,21.65714286,12.4,37.1,65.7,22.3,84,84.42857143,85,82.71428571,66,31,50
2014,25,61,21.94285714,21.44285714,21.51428571,21.01428571,2,12.4,37.1,65.7,81.14285714,84,84.42857143,85,65,66,50
2014,26,57,22.24285714,21.94285714,21.44285714,21.51428571,0.5,2,12.4,37.1,78.57142857,81.14285714,84,84.42857143,61,65,31
2014,27,77,21.17142857,22.24285714,21.94285714,21.44285714,29,0.5,2,12.4,83.42857143,78.57142857,81.14285714,84,57,61,66
2014,28,66,21.24285714,21.17142857,22.24285714,21.94285714,39.3,29,0.5,2,84,83.42857143,78.57142857,81.14285714,77,57,65
2014,29,59,22.02857143,21.24285714,21.17142857,22.24285714,8.9,39.3,29,0.5,78.71428571,84,83.42857143,78.57142857,66,77,61
2014,30,75,22.28571429,22.02857143,21.24285714,21.17142857,0.1,8.9,39.3,29,77.85714286,78.71428571,84,83.42857143,59,66,57
2014,31,74,21.35714286,22.28571429,22.02857143,21.24285714,3.5,0.1,8.9,39.3,82.42857143,77.85714286,78.71428571,84,75,59,77
2014,32,64,21.28571429,21.35714286,22.28571429,22.02857143,31.2,3.5,0.1,8.9,80.28571429,82.42857143,77.85714286,78.71428571,74,75,66
2014,33,69,20.81428571,21.28571429,21.35714286,22.28571429,8.4,31.2,3.5,0.1,82.14285714,80.28571429,82.42857143,77.85714286,64,74,59
2014,34,54,21.37142857,20.81428571,21.28571429,21.35714286,3.2,8.4,31.2,3.5,80.14285714,82.14285714,80.28571429,82.42857143,69,64,75
2014,35,43,21.02857143,21.37142857,20.81428571,21.28571429,19.9,3.2,8.4,31.2,81.57142857,80.14285714,82.14285714,80.28571429,54,69,74
2014,36,60,20.91428571,21.02857143,21.37142857,20.81428571,23.5,19.9,3.2,8.4,81.57142857,81.57142857,80.14285714,82.14285714,43,54,64
2014,37,63,21.44285714,20.91428571,21.02857143,21.37142857,22.1,23.5,19.9,3.2,81.71428571,81.57142857,81.57142857,80.14285714,60,43,69
2014,38,44,20.88571429,21.44285714,20.91428571,21.02857143,34.2,22.1,23.5,19.9,84,81.71428571,81.57142857,81.57142857,63,60,54
2014,39,58,20.78571429,20.88571429,21.44285714,20.91428571,33.5,34.2,22.1,23.5,82.85714286,84,81.71428571,81.57142857,44,63,43
2014,40,58,20.85714286,20.78571429,20.88571429,21.44285714,45.6,33.5,34.2,22.1,84,82.85714286,84,81.71428571,58,44,60
2014,41,39,21.34285714,20.85714286,20.78571429,20.88571429,20.8,45.6,33.5,34.2,82.28571429,84,82.85714286,84,58,58,63
2014,42,66,20.81428571,21.34285714,20.85714286,20.78571429,57.7,20.8,45.6,33.5,85.14285714,82.28571429,84,82.85714286,39,58,44
2014,43,59,20.82857143,20.81428571,21.34285714,20.85714286,27.8,57.7,20.8,45.6,84.28571429,85.14285714,82.28571429,84,66,39,58
2014,44,41,20.61428571,20.82857143,20.81428571,21.34285714,113.8,27.8,57.7,20.8,86.14285714,84.28571429,85.14285714,82.28571429,59,66,58
2014,45,46,20.85714286,20.61428571,20.82857143,20.81428571,49.1,113.8,27.8,57.7,83.85714286,86.14285714,84.28571429,85.14285714,41,59,39
2014,46,61,21.14285714,20.85714286,20.61428571,20.82857143,66.4,49.1,113.8,27.8,85.71428571,83.85714286,86.14285714,84.28571429,46,41,66
2014,47,41,19.94285714,21.14285714,20.85714286,20.61428571,138.2,66.4,49.1,113.8,86,85.71428571,83.85714286,86.14285714,61,46,59
2014,48,41,20.3,19.94285714,21.14285714,20.85714286,83.3,138.2,66.4,49.1,87,86,85.71428571,83.85714286,41,61,41
2014,49,67,21.22857143,20.3,19.94285714,21.14285714,49.9,83.3,138.2,66.4,84.85714286,87,86,85.71428571,41,41,46
2014,50,68,21.3,21.22857143,20.3,19.94285714,49.7,49.9,83.3,138.2,84.71428571,84.85714286,87,86,67,41,61
2014,51,78,20.04285714,21.3,21.22857143,20.3,118.7,49.7,49.9,83.3,86.71428571,84.71428571,84.85714286,87,68,67,41
2014,52,62,20.75714286,20.04285714,21.3,21.22857143,26.2,118.7,49.7,49.9,84.42857143,86.71428571,84.71428571,84.85714286,78,68,41
2014,53,66,,,,,54.4,26.2,118.7,49.7,83.14285714,84.42857143,86.71428571,84.71428571,62,78,67
2015,1,90,21.77142857,20.75714286,20.04285714,21.3,,54.4,26.2,118.7,,83.14285714,84.42857143,86.71428571,66,62,68
2015,2,97,21.35714286,21.77142857,20.75714286,20.04285714,25.1,,54.4,26.2,83.28571429,,83.14285714,84.42857143,90,66,78
2015,3,128,21.67142857,21.35714286,21.77142857,20.75714286,2.3,25.1,,54.4,81.85714286,83.28571429,,83.14285714,97,90,62
2015,4,110,21.14285714,21.67142857,21.35714286,21.77142857,39.1,2.3,25.1,,84.14285714,81.85714286,83.28571429,,128,97,66
2015,5,122,20.52857143,21.14285714,21.67142857,21.35714286,44,39.1,2.3,25.1,85.71428571,84.14285714,81.85714286,83.28571429,110,128,90
2015,6,105,20.98571429,20.52857143,21.14285714,21.67142857,37.5,44,39.1,2.3,84.57142857,85.71428571,84.14285714,81.85714286,122,110,97
2015,7,131,20.68571429,20.98571429,20.52857143,21.14285714,77.2,37.5,44,39.1,86.71428571,84.57142857,85.71428571,84.14285714,105,122,128
2015,8,89,21.27142857,20.68571429,20.98571429,20.52857143,54.2,77.2,37.5,44,84.28571429,86.71428571,84.57142857,85.71428571,131,105,110
2015,9,97,21.25714286,21.27142857,20.68571429,20.98571429,12.6,54.2,77.2,37.5,83.14285714,84.28571429,86.71428571,84.57142857,89,131,122
2015,10,90,21.24285714,21.25714286,21.27142857,20.68571429,27,12.6,54.2,77.2,83,83.14285714,84.28571429,86.71428571,97,89,105
2015,11,98,21.34285714,21.24285714,21.25714286,21.27142857,95.6,27,12.6,54.2,85.28571429,83,83.14285714,84.28571429,90,97,131
2015,12,71,22.15714286,21.34285714,21.24285714,21.25714286,89.5,95.6,27,12.6,84.28571429,85.28571429,83,83.14285714,98,90,89
2015,13,79,20.25714286,22.15714286,21.34285714,21.24285714,243.5,89.5,95.6,27,87.85714286,84.28571429,85.28571429,83,71,98,97
2015,14,74,20.85714286,20.25714286,22.15714286,21.34285714,118.5,243.5,89.5,95.6,85.57142857,87.85714286,84.28571429,85.28571429,79,71,90
2015,15,95,21.12857143,20.85714286,20.25714286,22.15714286,107.9,118.5,243.5,89.5,84.71428571,85.57142857,87.85714286,84.28571429,74,79,98
2015,16,95,22.18571429,21.12857143,20.85714286,20.25714286,17.1,107.9,118.5,243.5,81.42857143,84.71428571,85.57142857,87.85714286,95,74,71
2015,17,113,21.55714286,22.18571429,21.12857143,20.85714286,30.7,17.1,107.9,118.5,83,81.42857143,84.71428571,85.57142857,95,95,79
2015,18,102,21.84285714,21.55714286,22.18571429,21.12857143,32.1,30.7,17.1,107.9,82.57142857,83,81.42857143,84.71428571,113,95,74
2015,19,117,21.42857143,21.84285714,21.55714286,22.18571429,91.2,32.1,30.7,17.1,85.85714286,82.57142857,83,81.42857143,102,113,95
2015,20,91,21.97142857,21.42857143,21.84285714,21.55714286,5.1,91.2,32.1,30.7,82.42857143,85.85714286,82.57142857,83,117,102,95
2015,21,94,21.98571429,21.97142857,21.42857143,21.84285714,7,5.1,91.2,32.1,82.85714286,82.42857143,85.85714286,82.57142857,91,117,113
2015,22,102,21.5,21.98571429,21.97142857,21.42857143,13.3,7,5.1,91.2,83.85714286,82.85714286,82.42857143,85.85714286,94,91,102
2015,23,69,21.11428571,21.5,21.98571429,21.97142857,38.2,13.3,7,5.1,83.85714286,83.85714286,82.85714286,82.42857143,102,94,117
2015,24,56,21.4,21.11428571,21.5,21.98571429,11,38.2,13.3,7,83.71428571,83.85714286,83.85714286,82.85714286,69,102,91
2015,25,73,20.9,21.4,21.11428571,21.5,50.4,11,38.2,13.3,85.14285714,83.71428571,83.85714286,83.85714286,56,69,94
2015,26,90,22.34285714,20.9,21.4,21.11428571,1.7,50.4,11,38.2,79.14285714,85.14285714,83.71428571,83.85714286,73,56,102
2015,27,62,22.74285714,22.34285714,20.9,21.4,0.2,1.7,50.4,11,77.42857143,79.14285714,85.14285714,83.71428571,90,73,69
2015,28,73,21.84285714,22.74285714,22.34285714,20.9,3.5,0.2,1.7,50.4,81.71428571,77.42857143,79.14285714,85.14285714,62,90,56
2015,29,59,21.52857143,21.84285714,22.74285714,22.34285714,38.5,3.5,0.2,1.7,83.42857143,81.71428571,77.42857143,79.14285714,73,62,73
2015,30,57,21.02857143,21.52857143,21.84285714,22.74285714,69,38.5,3.5,0.2,83.42857143,83.42857143,81.71428571,77.42857143,59,73,90
2015,31,73,21.27142857,21.02857143,21.52857143,21.84285714,28.7,69,38.5,3.5,81.28571429,83.42857143,83.42857143,81.71428571,57,59,62
2015,32,26,21.77142857,21.27142857,21.02857143,21.52857143,0.6,28.7,69,38.5,80.42857143,81.28571429,83.42857143,83.42857143,73,57,73
2015,33,61,21.77142857,21.77142857,21.27142857,21.02857143,38.5,0.6,28.7,69,81.71428571,80.42857143,81.28571429,83.42857143,26,73,59
2015,34,46,21.5,21.77142857,21.77142857,21.27142857,5.6,38.5,0.6,28.7,83.28571429,81.71428571,80.42857143,81.28571429,61,26,57
2015,35,48,21.4,21.5,21.77142857,21.77142857,18,5.6,38.5,0.6,83.28571429,83.28571429,81.71428571,80.42857143,46,61,73
2015,36,73,21.71428571,21.4,21.5,21.77142857,7.6,18,5.6,38.5,82,83.28571429,83.28571429,81.71428571,48,46,26
2015,37,78,21.57142857,21.71428571,21.4,21.5,10.3,7.6,18,5.6,82.42857143,82,83.28571429,83.28571429,73,48,61
2015,38,77,21.34285714,21.57142857,21.71428571,21.4,31,10.3,7.6,18,83.85714286,82.42857143,82,83.28571429,78,73,46
2015,39,67,21.95714286,21.34285714,21.57142857,21.71428571,52.7,31,10.3,7.6,82,83.85714286,82.42857143,82,77,78,48
2015,40,53,21.97142857,21.95714286,21.34285714,21.57142857,11.4,52.7,31,10.3,83.42857143,82,83.85714286,82.42857143,67,77,73
2015,41,84,21.42857143,21.97142857,21.95714286,21.34285714,42.9,11.4,52.7,31,83.71428571,83.42857143,82,83.85714286,53,67,78
2015,42,71,21.68571429,21.42857143,21.97142857,21.95714286,56,42.9,11.4,52.7,84.42857143,83.71428571,83.42857143,82,84,53,77
2015,43,70,21.57142857,21.68571429,21.42857143,21.97142857,137.1,56,42.9,11.4,84.71428571,84.42857143,83.71428571,83.42857143,71,84,67
2015,44,88,21.37142857,21.57142857,21.68571429,21.42857143,32.9,137.1,56,42.9,85.71428571,84.71428571,84.42857143,83.71428571,70,71,53
2015,45,95,20.42857143,21.37142857,21.57142857,21.68571429,126.9,32.9,137.1,56,88,85.71428571,84.71428571,84.42857143,88,70,84
2015,46,68,20.55714286,20.42857143,21.37142857,21.57142857,86.2,126.9,32.9,137.1,85.42857143,88,85.71428571,84.71428571,95,88,71
2015,47,95,21.61428571,20.55714286,20.42857143,21.37142857,29.3,86.2,126.9,32.9,83.71428571,85.42857143,88,85.71428571,68,95,70
2015,48,104,21.08571429,21.61428571,20.55714286,20.42857143,116.3,29.3,86.2,126.9,85.57142857,83.71428571,85.42857143,88,95,68,88
2015,49,109,21.77142857,21.08571429,21.61428571,20.55714286,56.6,116.3,29.3,86.2,83.71428571,85.57142857,83.71428571,85.42857143,104,95,95
2015,50,124,21.91428571,21.77142857,21.08571429,21.61428571,19.2,56.6,116.3,29.3,84.14285714,83.71428571,85.57142857,83.71428571,109,104,68
2015,51,137,21.65714286,21.91428571,21.77142857,21.08571429,29.9,19.2,56.6,116.3,83.14285714,84.14285714,83.71428571,85.57142857,124,109,95
2015,52,142,21.7,21.65714286,21.91428571,21.77142857,31.2,29.9,19.2,56.6,83.85714286,83.14285714,84.14285714,83.71428571,137,124,104
2016,1,228,22.52857143,22.24285714,21.7,21.65714286,7.8,31.2,29.9,19.2,83.14285714,83.85714286,83.14285714,84.14285714,142,137,109
2016,2,260,21.77142857,22.52857143,22.24285714,21.7,93.2,7.8,31.2,29.9,86.85714286,83.14285714,83.85714286,83.14285714,228,142,124
2016,3,262,21.42857143,21.77142857,22.52857143,22.24285714,52,93.2,7.8,31.2,87.14285714,86.85714286,83.14285714,83.85714286,260,228,137
2016,4,297,21.65714286,21.42857143,21.77142857,22.52857143,30.1,52,93.2,7.8,85.14285714,87.14285714,86.85714286,83.14285714,262,260,142
2016,5,298,21.41428571,21.65714286,21.42857143,21.77142857,65.7,30.1,52,93.2,86.42857143,85.14285714,87.14285714,86.85714286,297,262,228
2016,6,386,21.57142857,21.41428571,21.65714286,21.42857143,13.8,65.7,30.1,52,84.71428571,86.42857143,85.14285714,87.14285714,298,297,260
2016,7,315,22.31428571,21.57142857,21.41428571,21.65714286,21.9,13.8,65.7,30.1,84.85714286,84.71428571,86.42857143,85.14285714,386,298,262
2016,8,328,22.5,22.31428571,21.57142857,21.41428571,28.7,21.9,13.8,65.7,84.42857143,84.85714286,84.71428571,86.42857143,315,386,297
2016,9,371,22.37142857,22.5,22.31428571,21.57142857,124.2,28.7,21.9,13.8,83.71428571,84.42857143,84.85714286,84.71428571,328,315,298
2016,10,263,21.55714286,22.37142857,22.5,22.31428571,68.2,124.2,28.7,21.9,86.57142857,83.71428571,84.42857143,84.85714286,371,328,386
2016,11,182,21.82857143,21.55714286,22.37142857,22.5,116.7,68.2,124.2,28.7,85,86.57142857,83.71428571,84.42857143,263,371,315
2016,12,208,22.28571429,21.82857143,21.55714286,22.37142857,29.5,116.7,68.2,124.2,83.57142857,85,86.57142857,83.71428571,182,263,328
2016,13,244,22.75714286,22.28571429,21.82857143,21.55714286,23.4,29.5,116.7,68.2,83.85714286,83.57142857,85,86.57142857,208,182,371
2016,14,227,21.52857143,22.75714286,22.28571429,21.82857143,173.2,23.4,29.5,116.7,88,83.85714286,83.57142857,85,244,208,263
2016,15,241,22.47142857,21.52857143,22.75714286,22.28571429,42.7,173.2,23.4,29.5,82.71428571,88,83.85714286,83.57142857,227,244,182
2016,16,193,22.21428571,22.47142857,21.52857143,22.75714286,156.5,42.7,173.2,23.4,84.42857143,82.71428571,88,83.85714286,241,227,208
2016,17,179,22.38571429,22.21428571,22.47142857,21.52857143,27,156.5,42.7,173.2,84.28571429,84.42857143,82.71428571,88,193,241,244
2016,18,180,21.78571429,22.38571429,22.21428571,22.47142857,173.2,27,156.5,42.7,86,84.28571429,84.42857143,82.71428571,179,193,227
2016,19,244,21.88571429,21.78571429,22.38571429,22.21428571,88.1,173.2,27,156.5,84.42857143,86,84.28571429,84.42857143,180,179,241
2016,20,210,22.07142857,21.88571429,21.78571429,22.38571429,47.1,88.1,173.2,27,83.14285714,84.42857143,86,84.28571429,244,180,193
2016,21,169,22.5,22.07142857,21.88571429,21.78571429,10.7,47.1,88.1,173.2,83.14285714,83.14285714,84.42857143,86,210,244,179
2016,22,136,21.94285714,22.5,22.07142857,21.88571429,31.2,10.7,47.1,88.1,84.57142857,83.14285714,83.14285714,84.42857143,169,210,180
2016,23,144,21.48571429,21.94285714,22.5,22.07142857,67.7,31.2,10.7,47.1,83.42857143,84.57142857,83.14285714,83.14285714,136,169,244
2016,24,138,21.25714286,21.48571429,21.94285714,22.5,35.6,67.7,31.2,10.7,82.71428571,83.42857143,84.57142857,83.14285714,144,136,210
2016,25,111,21.42857143,21.25714286,21.48571429,21.94285714,4.6,35.6,67.7,31.2,81.28571429,82.71428571,83.42857143,84.57142857,138,144,169
2016,26,122,21.28571429,21.42857143,21.25714286,21.48571429,28.3,4.6,35.6,67.7,82.71428571,81.28571429,82.71428571,83.42857143,111,138,136
2016,27,101,21.84285714,21.28571429,21.42857143,21.25714286,15.3,28.3,4.6,35.6,81.42857143,82.71428571,81.28571429,82.71428571,122,111,144
2016,28,92,21.92857143,21.84285714,21.28571429,21.42857143,17,15.3,28.3,4.6,80.57142857,81.42857143,82.71428571,81.28571429,101,122,138
2016,29,57,20.74285714,21.92857143,21.84285714,21.28571429,40.8,17,15.3,28.3,84.57142857,80.57142857,81.42857143,82.71428571,92,101,111
2016,30,44,20.81428571,20.74285714,21.92857143,21.84285714,23.2,40.8,17,15.3,83.14285714,84.57142857,80.57142857,81.42857143,57,92,122
2016,31,52,21.55714286,20.81428571,20.74285714,21.92857143,5.1,23.2,40.8,17,81.14285714,83.14285714,84.57142857,80.57142857,44,57,101
2016,32,47,21.78571429,21.55714286,20.81428571,20.74285714,10.1,5.1,23.2,40.8,80.14285714,81.14285714,83.14285714,84.57142857,52,44,92
2016,33,47,21.27142857,21.78571429,21.55714286,20.81428571,12.7,10.1,5.1,23.2,84,80.14285714,81.14285714,83.14285714,47,52,57
2016,34,39,21.42857143,21.27142857,21.78571429,21.55714286,7.6,12.7,10.1,5.1,83,84,80.14285714,81.14285714,47,47,44
2016,35,27,21.3,21.42857143,21.27142857,21.78571429,41.6,7.6,12.7,10.1,82.42857143,83,84,80.14285714,39,47,52
2016,36,33,20.77142857,21.3,21.42857143,21.27142857,71,41.6,7.6,12.7,84.85714286,82.42857143,83,84,27,39,47
2016,37,40,21.08571429,20.77142857,21.3,21.42857143,38.5,71,41.6,7.6,83.57142857,84.85714286,82.42857143,83,33,27,47
2016,38,40,20.91428571,21.08571429,20.77142857,21.3,29.4,38.5,71,41.6,85.57142857,83.57142857,84.85714286,82.42857143,40,33,39
2016,39,21,21.12857143,20.91428571,21.08571429,20.77142857,13.7,29.4,38.5,71,83.42857143,85.57142857,83.57142857,84.85714286,40,40,27
2016,40,25,20.7,21.12857143,20.91428571,21.08571429,159.2,13.7,29.4,38.5,86.28571429,83.42857143,85.57142857,83.57142857,21,40,33
2016,41,28,20.9,20.7,21.12857143,20.91428571,93.4,159.2,13.7,29.4,85.57142857,86.28571429,83.42857143,85.57142857,25,21,40
2016,42,52,21.34285714,20.9,20.7,21.12857143,24.5,93.4,159.2,13.7,84.28571429,85.57142857,86.28571429,83.42857143,28,25,40
2016,43,37,20.77142857,21.34285714,20.9,20.7,147.6,24.5,93.4,159.2,86.28571429,84.28571429,85.57142857,86.28571429,52,28,21
2016,44,30,20.61428571,20.77142857,21.34285714,20.9,194.3,147.6,24.5,93.4,86.71428571,86.28571429,84.28571429,85.57142857,37,52,25
2016,45,28,21.24285714,20.61428571,20.77142857,21.34285714,69.1,194.3,147.6,24.5,86,86.71428571,86.28571429,84.28571429,30,37,28
2016,46,23,21.14285714,21.24285714,20.61428571,20.77142857,77.8,69.1,194.3,147.6,85.42857143,86,86.71428571,86.28571429,28,30,52
2016,47,30,20.38571429,21.14285714,21.24285714,20.61428571,165.2,77.8,69.1,194.3,86.28571429,85.42857143,86,86.71428571,23,28,37
2016,48,23,21.11428571,20.38571429,21.14285714,21.24285714,58.9,165.2,77.8,69.1,81,86.28571429,85.42857143,86,30,23,30
2016,49,29,21.1,21.11428571,20.38571429,21.14285714,88.6,58.9,165.2,77.8,86.28571429,81,86.28571429,85.42857143,23,30,28
2016,50,25,20.72857143,21.1,21.11428571,20.38571429,84.2,88.6,58.9,165.2,85.42857143,86.28571429,81,86.28571429,29,23,23
2016,51,15,21.38571429,20.72857143,21.1,21.11428571,31.3,84.2,88.6,58.9,82.85714286,85.42857143,86.28571429,81,25,29,30
2016,52,25,20.3,21.38571429,20.72857143,21.1,152.6,31.3,84.2,88.6,87.57142857,82.85714286,85.42857143,86.28571429,15,25,23
2017,1,31,21.22857143,20.3,21.38571429,20.72857143,46.1,152.6,31.3,84.2,85.28571429,87.57142857,82.85714286,85.42857143,25,15,29
2017,2,32,21.35714286,21.22857143,20.3,21.38571429,61.3,46.1,152.6,31.3,85.71428571,85.28571429,87.57142857,82.85714286,31,25,25
2017,3,39,20.72857143,21.35714286,21.22857143,20.3,60.3,61.3,46.1,152.6,86.14285714,85.71428571,85.28571429,87.57142857,32,31,15
2017,4,34,20.65714286,20.72857143,21.35714286,21.22857143,74.3,60.3,61.3,46.1,86.14285714,86.14285714,85.71428571,85.28571429,39,32,25
2017,5,23,21.27142857,20.65714286,20.72857143,21.35714286,71.4,74.3,60.3,61.3,81.28571429,86.14285714,86.14285714,85.71428571,34,39,31
2017,6,25,21.71428571,21.27142857,20.65714286,20.72857143,88,71.4,74.3,60.3,82.71428571,81.28571429,86.14285714,86.14285714,23,34,32
2017,7,17,22.14285714,21.71428571,21.27142857,20.65714286,37.9,88,71.4,74.3,82.85714286,82.71428571,81.28571429,86.14285714,25,23,39
2017,8,21,21.52857143,22.14285714,21.71428571,21.27142857,12.2,37.9,88,71.4,79,82.85714286,82.71428571,81.28571429,17,25,34
2017,9,26,21.38571429,21.52857143,22.14285714,21.71428571,30.4,12.2,37.9,88,80.57142857,79,82.85714286,82.71428571,21,17,23
2017,10,10,21.34285714,21.38571429,21.52857143,22.14285714,30.1,30.4,12.2,37.9,81.42857143,80.57142857,79,82.85714286,26,21,25
2017,11,20,21.1,21.34285714,21.38571429,21.52857143,114.6,30.1,30.4,12.2,86.85714286,81.42857143,80.57142857,79,10,26,17
2017,12,12,21.1,21.1,21.34285714,21.38571429,33.8,114.6,30.1,30.4,83.42857143,86.85714286,81.42857143,80.57142857,20,10,21
2017,13,15,21.4,21.1,21.1,21.34285714,49.6,33.8,114.6,30.1,84.85714286,83.42857143,86.85714286,81.42857143,12,20,26
2017,14,9,21.44285714,21.4,21.1,21.1,63.2,49.6,33.8,114.6,83.42857143,84.85714286,83.42857143,86.85714286,15,12,10
2017,15,15,22,21.44285714,21.4,21.1,78.6,63.2,49.6,33.8,84.28571429,83.42857143,84.85714286,83.42857143,9,15,20
2017,16,14,22.11428571,22,21.44285714,21.4,94.2,78.6,63.2,49.6,81.42857143,84.28571429,83.42857143,84.85714286,15,9,12
2017,17,14,21.72857143,22.11428571,22,21.44285714,88.7,94.2,78.6,63.2,85.42857143,81.42857143,84.28571429,83.42857143,14,15,15
2017,18,12,21.74285714,21.72857143,22.11428571,22,100.6,88.7,94.2,78.6,84.85714286,85.42857143,81.42857143,84.28571429,14,14,9
2017,19,11,21.25714286,21.74285714,21.72857143,22.11428571,104.7,100.6,88.7,94.2,86.14285714,84.85714286,85.42857143,81.42857143,12,14,15
2017,20,13,21.1,21.25714286,21.74285714,21.72857143,69.6,104.7,100.6,88.7,87.57142857,86.14285714,84.85714286,85.42857143,11,12,14
2017,21,17,21.64285714,21.1,21.25714286,21.74285714,109,69.6,104.7,100.6,85,87.57142857,86.14285714,84.85714286,13,11,14
2017,22,13,22.31428571,21.64285714,21.1,21.25714286,62.9,109,69.6,104.7,81.85714286,85,87.57142857,86.14285714,17,13,12
2017,23,19,22.01428571,22.31428571,21.64285714,21.1,76.4,62.9,109,69.6,82.71428571,81.85714286,85,87.57142857,13,17,11
2017,24,12,21.54285714,22.01428571,22.31428571,21.64285714,84.1,76.4,62.9,109,86.28571429,82.71428571,81.85714286,85,19,13,13
2017,25,11,21.05714286,21.54285714,22.01428571,22.31428571,53.2,84.1,76.4,62.9,85.14285714,86.28571429,82.71428571,81.85714286,12,19,17
2017,26,9,21.21428571,21.05714286,21.54285714,22.01428571,67.5,53.2,84.1,76.4,85.14285714,85.14285714,86.28571429,82.71428571,11,12,13
2017,27,18,21.52857143,21.21428571,21.05714286,21.54285714,67.2,67.5,53.2,84.1,83.14285714,85.14285714,85.14285714,86.28571429,9,11,19
2017,28,12,21.95714286,21.52857143,21.21428571,21.05714286,51.7,67.2,67.5,53.2,80.71428571,83.14285714,85.14285714,85.14285714,18,9,12
2017,29,10,21.5,21.95714286,21.52857143,21.21428571,58.2,51.7,67.2,67.5,82.57142857,80.71428571,83.14285714,85.14285714,12,18,11
2017,30,8,21.74285714,21.5,21.95714286,21.52857143,84.8,58.2,51.7,67.2,82.42857143,82.57142857,80.71428571,83.14285714,10,12,9
2017,31,14,21.94285714,21.74285714,21.5,21.95714286,66.7,84.8,58.2,51.7,81.57142857,82.42857143,82.57142857,80.71428571,8,10,18
2017,32,8,21.81428571,21.94285714,21.74285714,21.5,53.5,66.7,84.8,58.2,80.14285714,81.57142857,82.42857143,82.57142857,14,8,12
2017,33,6,21.6,21.81428571,21.94285714,21.74285714,89.7,53.5,66.7,84.8,83.57142857,80.14285714,81.57142857,82.42857143,8,14,10
2017,34,8,21.57142857,21.6,21.81428571,21.94285714,52.2,89.7,53.5,66.7,83.71428571,83.57142857,80.14285714,81.57142857,6,8,8
2017,35,7,21.57142857,21.57142857,21.6,21.81428571,42.5,52.2,89.7,53.5,81.14285714,83.71428571,83.57142857,80.14285714,8,6,14
2017,36,3,21.84285714,21.57142857,21.57142857,21.6,40.5,42.5,52.2,89.7,80.14285714,81.14285714,83.71428571,83.57142857,7,8,8
2017,37,4,21.64285714,21.84285714,21.57142857,21.57142857,48.3,40.5,42.5,52.2,82.57142857,80.14285714,81.14285714,83.71428571,3,7,6
2017,38,7,21.92857143,21.64285714,21.84285714,21.57142857,66.2,48.3,40.5,42.5,83.42857143,82.57142857,80.14285714,81.14285714,4,3,8
2017,39,3,22.3,21.92857143,21.64285714,21.84285714,80.9,66.2,48.3,40.5,82.28571429,83.42857143,82.57142857,80.14285714,7,4,7
2017,40,3,21.61428571,22.3,21.92857143,21.64285714,49.7,80.9,66.2,48.3,82.14285714,82.28571429,83.42857143,82.57142857,3,7,3
2017,41,3,20.81428571,21.61428571,22.3,21.92857143,56.7,49.7,80.9,66.2,86.57142857,82.14285714,82.28571429,83.42857143,3,3,4
2017,42,4,21.54285714,20.81428571,21.61428571,22.3,67.5,56.7,49.7,80.9,85,86.57142857,82.14285714,82.28571429,3,3,7
2017,43,6,22.31428571,21.54285714,20.81428571,21.61428571,43.5,67.5,56.7,49.7,82.71428571,85,86.57142857,82.14285714,4,3,3
2017,44,5,20.98571429,22.31428571,21.54285714,20.81428571,57.7,43.5,67.5,56.7,85.85714286,82.71428571,85,86.57142857,6,4,3
2017,45,4,21.2,20.98571429,22.31428571,21.54285714,57.9,57.7,43.5,67.5,85.28571429,85.85714286,82.71428571,85,5,6,3
2017,46,6,21.62857143,21.2,20.98571429,22.31428571,33.4,57.9,57.7,43.5,84,85.28571429,85.85714286,82.71428571,4,5,4
2017,47,6,20.8,21.62857143,21.2,20.98571429,141.8,33.4,57.9,57.7,88.14285714,84,85.28571429,85.85714286,6,4,6
2017,48,16,21.22857143,20.8,21.62857143,21.2,15.8,141.8,33.4,57.9,84,88.14285714,84,85.28571429,6,6,5
2017,49,3,21.54285714,21.22857143,20.8,21.62857143,93.6,15.8,141.8,33.4,86.42857143,84,88.14285714,84,16,6,4
2017,50,9,21.61428571,21.54285714,21.22857143,20.8,64.6,93.6,15.8,141.8,84.71428571,86.42857143,84,88.14285714,3,16,6
2017,51,2,21.44285714,21.61428571,21.54285714,21.22857143,68.7,64.6,93.6,15.8,84.57142857,84.71428571,86.42857143,84,9,3,6
2017,52,2,21.57142857,21.44285714,21.61428571,21.54285714,17.9,68.7,64.6,93.6,85,84.57142857,84.71428571,86.42857143,2,9,16
2018,1,9,20.54285714,21.57142857,21.44285714,21.61428571,64.8,17.9,68.7,64.6,87.57142857,85,84.57142857,84.71428571,2,2,3
2018,2,9,20.9,20.54285714,21.57142857,21.44285714,60.1,64.8,17.9,68.7,85.71428571,87.57142857,85,84.57142857,9,2,9
2018,3,9,20.54285714,20.9,20.54285714,21.57142857,78.6,60.1,64.8,17.9,86.42857143,85.71428571,87.57142857,85,9,9,2
2018,4,2,20.52857143,20.54285714,20.9,20.54285714,78.7,78.6,60.1,64.8,86.28571429,86.42857143,85.71428571,87.57142857,9,9,2
2018,5,3,21.17142857,20.52857143,20.54285714,20.9,25.8,78.7,78.6,60.1,84,86.28571429,86.42857143,85.71428571,2,9,9
2018,6,4,21.7,21.17142857,20.52857143,20.54285714,43.2,25.8,78.7,78.6,85.57142857,84,86.28571429,86.42857143,3,2,9
2018,7,5,21.64285714,21.7,21.17142857,20.52857143,31.3,43.2,25.8,78.7,85.85714286,85.57142857,84,86.28571429,4,3,9
2018,8,1,21.47142857,21.64285714,21.7,21.17142857,35.3,31.3,43.2,25.8,85.14285714,85.85714286,85.57142857,84,5,4,2
2018,9,4,20.94285714,21.47142857,21.64285714,21.7,20.8,35.3,31.3,43.2,82.42857143,85.14285714,85.85714286,85.57142857,1,5,3
2018,10,7,21.24285714,20.94285714,21.47142857,21.64285714,40.5,20.8,35.3,31.3,81.28571429,82.42857143,85.14285714,85.85714286,4,1,4
2018,11,12,22,21.24285714,20.94285714,21.47142857,44.5,40.5,20.8,35.3,81.42857143,81.28571429,82.42857143,85.14285714,7,4,5
2018,12,5,22.1,22,21.24285714,20.94285714,21.7,44.5,40.5,20.8,82.28571429,81.42857143,81.28571429,82.42857143,12,7,1
2018,13,7,21.48571429,22.1,22,21.24285714,90.4,21.7,44.5,40.5,85.57142857,82.28571429,81.42857143,81.28571429,5,12,4
2018,14,3,21.32857143,21.48571429,22.1,22,108.5,90.4,21.7,44.5,86.85714286,85.57142857,82.28571429,81.42857143,7,5,7
2018,15,10,21.12857143,21.32857143,21.48571429,22.1,74.3,108.5,90.4,21.7,84.71428571,86.85714286,85.57142857,82.28571429,3,7,12
2018,16,6,21.01428571,21.12857143,21.32857143,21.48571429,52.1,74.3,108.5,90.4,86.14285714,84.71428571,86.85714286,85.57142857,10,3,5
2018,17,13,21.55714286,21.01428571,21.12857143,21.32857143,69.4,52.1,74.3,108.5,83.42857143,86.14285714,84.71428571,86.85714286,6,10,7
2018,18,5,20.88571429,21.55714286,21.01428571,21.12857143,87.1,69.4,52.1,74.3,88.28571429,83.42857143,86.14285714,84.71428571,13,6,3
2018,19,9,21.64285714,20.88571429,21.55714286,21.01428571,39.5,87.1,69.4,52.1,83.42857143,88.28571429,83.42857143,86.14285714,5,13,10
2018,20,7,20.8,21.64285714,20.88571429,21.55714286,73.6,39.5,87.1,69.4,87.28571429,83.42857143,88.28571429,83.42857143,9,5,6
2018,21,11,21.2,20.8,21.64285714,20.88571429,74.8,73.6,39.5,87.1,85,87.28571429,83.42857143,88.28571429,7,9,13
2018,22,4,20.95714286,21.2,20.8,21.64285714,108.8,74.8,73.6,39.5,86.85714286,85,87.28571429,83.42857143,11,7,5
2018,23,7,21.45714286,20.95714286,21.2,20.8,81.6,108.8,74.8,73.6,84.71428571,86.85714286,85,87.28571429,4,11,9
2018,24,16,21.41428571,21.45714286,20.95714286,21.2,112.8,81.6,108.8,74.8,87.71428571,84.71428571,86.85714286,85,7,4,7
2018,25,10,21.52857143,21.41428571,21.45714286,20.95714286,105.5,112.8,81.6,108.8,85,87.71428571,84.71428571,86.85714286,16,7,11
2018,26,5,21.04285714,21.52857143,21.41428571,21.45714286,73.9,105.5,112.8,81.6,84.28571429,85,87.71428571,84.71428571,10,16,4
2018,27,8,20.38571429,21.04285714,21.52857143,21.41428571,151.6,73.9,105.5,112.8,88.28571429,84.28571429,85,87.71428571,5,10,7
2018,28,2,21.17142857,20.38571429,21.04285714,21.52857143,61.9,151.6,73.9,105.5,84.14285714,88.28571429,84.28571429,85,8,5,16
2018,29,4,21.88571429,21.17142857,20.38571429,21.04285714,41.9,61.9,151.6,73.9,81.28571429,84.14285714,88.28571429,84.28571429,2,8,10
2018,30,8,21.58571429,21.88571429,21.17142857,20.38571429,149.7,41.9,61.9,151.6,84,81.28571429,84.14285714,88.28571429,4,2,5
2018,31,8,20.87142857,21.58571429,21.88571429,21.17142857,142.7,149.7,41.9,61.9,87.57142857,84,81.28571429,84.14285714,8,4,8
2018,32,6,20.9,20.87142857,21.58571429,21.88571429,107.2,142.7,149.7,41.9,85.28571429,87.57142857,84,81.28571429,8,8,2
2018,33,1,22.6,20.9,20.87142857,21.58571429,6.5,107.2,142.7,149.7,73.85714286,85.28571429,87.57142857,84,6,8,4
2018,34,7,21.52857143,22.6,20.9,20.87142857,37.7,6.5,107.2,142.7,81.57142857,73.85714286,85.28571429,87.57142857,1,6,8
2018,35,7,21.92857143,21.52857143,22.6,20.9,65.5,37.7,6.5,107.2,81.28571429,81.57142857,73.85714286,85.28571429,7,1,8
2018,36,8,21.54285714,21.92857143,21.52857143,22.6,72.1,65.5,37.7,6.5,84,81.28571429,81.57142857,73.85714286,7,7,6
2018,37,4,21.51428571,21.54285714,21.92857143,21.52857143,70.8,72.1,65.5,37.7,82.28571429,84,81.28571429,81.57142857,8,7,1
2018,38,5,20.71428571,21.51428571,21.54285714,21.92857143,77.5,70.8,72.1,65.5,88,82.28571429,84,81.28571429,4,8,7
2018,39,6,22.02857143,20.71428571,21.51428571,21.54285714,52.4,77.5,70.8,72.1,82.28571429,88,82.28571429,84,5,4,7
2018,40,4,22.01428571,22.02857143,20.71428571,21.51428571,78.6,52.4,77.5,70.8,82.57142857,82.28571429,88,82.28571429,6,5,8
2018,41,2,21.78571429,22.01428571,22.02857143,20.71428571,108.2,78.6,52.4,77.5,82.71428571,82.57142857,82.28571429,88,4,6,4
2018,42,1,21.15714286,21.78571429,22.01428571,22.02857143,46.2,108.2,78.6,52.4,83.42857143,82.71428571,82.57142857,82.28571429,2,4,5
2018,43,4,21.41428571,21.15714286,21.78571429,22.01428571,40.1,46.2,108.2,78.6,83.85714286,83.42857143,82.71428571,82.57142857,1,2,6
2018,44,3,21.45714286,21.41428571,21.15714286,21.78571429,117.3,40.1,46.2,108.2,87,83.85714286,83.42857143,82.71428571,4,1,4
2018,45,3,20.85714286,21.45714286,21.41428571,21.15714286,69,117.3,40.1,46.2,88.14285714,87,83.85714286,83.42857143,3,4,2
2018,46,2,21.37142857,20.85714286,21.45714286,21.41428571,101,69,117.3,40.1,87,88.14285714,87,83.85714286,3,3,1
2018,47,2,21.34285714,21.37142857,20.85714286,21.45714286,75.6,101,69,117.3,87.57142857,87,88.14285714,87,2,3,4
2018,48,2,21.72857143,21.34285714,21.37142857,20.85714286,76,75.6,101,69,86.85714286,87.57142857,87,88.14285714,2,2,3
2018,49,1,21.12857143,21.72857143,21.34285714,21.37142857,56,76,75.6,101,86.57142857,86.85714286,87.57142857,87,2,2,3
2018,50,7,21.15714286,21.12857143,21.72857143,21.34285714,76.1,56,76,75.6,84.85714286,86.57142857,86.85714286,87.57142857,1,2,2
2018,51,2,21.54285714,21.15714286,21.12857143,21.72857143,90.8,76.1,56,76,84.28571429,84.85714286,86.57142857,86.85714286,7,1,2
2018,52,10,21.51428571,21.54285714,21.15714286,21.12857143,47.3,90.8,76.1,56,83.85714286,84.28571429,84.85714286,86.57142857,2,7,2
2019,1,12,21.94285714,21.51428571,21.54285714,21.15714286,44.1,47.3,90.8,76.1,82,83.85714286,84.28571429,84.85714286,10,2,1
2019,2,8,22.84285714,21.94285714,21.51428571,21.54285714,18.8,44.1,47.3,90.8,77.71428571,82,83.85714286,84.28571429,12,10,7
2019,3,9,20.65714286,22.84285714,21.94285714,21.51428571,51.2,18.8,44.1,47.3,85.71428571,77.71428571,82,83.85714286,8,12,2
2019,4,5,21.52857143,20.65714286,22.84285714,21.94285714,38.6,51.2,18.8,44.1,84.71428571,85.71428571,77.71428571,82,9,8,10
2019,5,10,22.61428571,21.52857143,20.65714286,22.84285714,32.1,38.6,51.2,18.8,81.57142857,84.71428571,85.71428571,77.71428571,5,9,12
2019,6,5,21.54285714,22.61428571,21.52857143,20.65714286,49.3,32.1,38.6,51.2,86.42857143,81.57142857,84.71428571,85.71428571,10,5,8
2019,7,9,21.81428571,21.54285714,22.61428571,21.52857143,80.5,49.3,32.1,38.6,87.42857143,86.42857143,81.57142857,84.71428571,5,10,9
2019,8,7,22.21428571,21.81428571,21.54285714,22.61428571,63.7,80.5,49.3,32.1,84,87.42857143,86.42857143,81.57142857,9,5,5
2019,9,6,21.44285714,22.21428571,21.81428571,21.54285714,116.5,63.7,80.5,49.3,88.85714286,84,87.42857143,86.42857143,7,9,10
2019,10,13,21.67142857,21.44285714,22.21428571,21.81428571,42.6,116.5,63.7,80.5,85.71428571,88.85714286,84,87.42857143,6,7,5
2019,11,18,22,21.67142857,21.44285714,22.21428571,65.2,42.6,116.5,63.7,85.57142857,85.71428571,88.85714286,84,13,6,9
2019,12,7,22.2,22,21.67142857,21.44285714,57.3,65.2,42.6,116.5,85.42857143,85.57142857,85.71428571,88.85714286,18,13,7
2019,13,15,21.67142857,22.2,22,21.67142857,59.9,57.3,65.2,42.6,87.57142857,85.42857143,85.57142857,85.71428571,7,18,6
2019,14,6,22.2,21.67142857,22.2,22,49.4,59.9,57.3,65.2,85.85714286,87.57142857,85.42857143,85.57142857,15,7,13
2019,15,9,21.34285714,22.2,21.67142857,22.2,95.7,49.4,59.9,57.3,88.85714286,85.85714286,87.57142857,85.42857143,6,15,18
2019,16,11,21.95714286,21.34285714,22.2,21.67142857,59.6,95.7,49.4,59.9,86,88.85714286,85.85714286,87.57142857,9,6,7
2019,17,10,21.5,21.95714286,21.34285714,22.2,93.5,59.6,95.7,49.4,88.42857143,86,88.85714286,85.85714286,11,9,15
2019,18,12,22.12857143,21.5,21.95714286,21.34285714,113.6,93.5,59.6,95.7,85.28571429,88.42857143,86,88.85714286,10,11,6
2019,19,18,22.37142857,22.12857143,21.5,21.95714286,103.1,113.6,93.5,59.6,82.57142857,85.28571429,88.42857143,86,12,10,9
2019,20,19,21.5,22.37142857,22.12857143,21.5,73.9,103.1,113.6,93.5,87.28571429,82.57142857,85.28571429,88.42857143,18,12,11
2019,21,11,21.14285714,21.5,22.37142857,22.12857143,140.9,73.9,103.1,113.6,88.42857143,87.28571429,82.57142857,85.28571429,19,18,10
2019,22,23,21.34285714,21.14285714,21.5,22.37142857,70.6,140.9,73.9,103.1,86.14285714,88.42857143,87.28571429,82.57142857,11,19,12
2019,23,20,20.88571429,21.34285714,21.14285714,21.5,69.1,70.6,140.9,73.9,88.14285714,86.14285714,88.42857143,87.28571429,23,11,18
2019,24,26,21.48571429,20.88571429,21.34285714,21.14285714,107.6,69.1,70.6,140.9,84.85714286,88.14285714,86.14285714,88.42857143,20,23,19
2019,25,15,21.35714286,21.48571429,20.88571429,21.34285714,116.4,107.6,69.1,70.6,87.71428571,84.85714286,88.14285714,86.14285714,26,20,11
2019,26,24,22.78571429,21.35714286,21.48571429,20.88571429,3,116.4,107.6,69.1,76,87.71428571,84.85714286,88.14285714,15,26,23
2019,27,20,22.07142857,22.78571429,21.35714286,21.48571429,95.2,3,116.4,107.6,84.42857143,76,87.71428571,84.85714286,24,15,20
2019,28,26,22.12857143,22.07142857,22.78571429,21.35714286,66.5,95.2,3,116.4,82.14285714,84.42857143,76,87.71428571,20,24,26
2019,29,34,21.41428571,22.12857143,22.07142857,22.78571429,98.7,66.5,95.2,3,83.71428571,82.14285714,84.42857143,76,26,20,15
2019,30,23,22.22857143,21.41428571,22.12857143,22.07142857,25,98.7,66.5,95.2,77.85714286,83.71428571,82.14285714,84.42857143,34,26,24
2019,31,37,21.28571429,22.22857143,21.41428571,22.12857143,152.7,25,98.7,66.5,84.42857143,77.85714286,83.71428571,82.14285714,23,34,20
2019,32,38,22.12857143,21.28571429,22.22857143,21.41428571,43.5,152.7,25,98.7,79.71428571,84.42857143,77.85714286,83.71428571,37,23,26
2019,33,38,22.67142857,22.12857143,21.28571429,22.22857143,21.3,43.5,152.7,25,78.14285714,79.71428571,84.42857143,77.85714286,38,37,34
2019,34,49,22.27142857,22.67142857,22.12857143,21.28571429,27.4,21.3,43.5,152.7,76.28571429,78.14285714,79.71428571,84.42857143,38,38,23
2019,35,57,22.95714286,22.27142857,22.67142857,22.12857143,15.9,27.4,21.3,43.5,75,76.28571429,78.14285714,79.71428571,49,38,37
2019,36,49,23.12857143,22.95714286,22.27142857,22.67142857,34.4,15.9,27.4,21.3,75.28571429,75,76.28571429,78.14285714,57,49,38
2019,37,62,22.74285714,23.12857143,22.95714286,22.27142857,27.5,34.4,15.9,27.4,77.85714286,75.28571429,75,76.28571429,49,57,38
2019,38,79,22.87142857,22.74285714,23.12857143,22.95714286,78.9,27.5,34.4,15.9,79.57142857,77.85714286,75.28571429,75,62,49,49
2019,39,48,21.32857143,22.87142857,22.74285714,23.12857143,103.8,78.9,27.5,34.4,86.57142857,79.57142857,77.85714286,75.28571429,79,62,57
2019,40,65,21.7,21.32857143,22.87142857,22.74285714,55.6,103.8,78.9,27.5,83.42857143,86.57142857,79.57142857,77.85714286,48,79,49
2019,41,49,21.17142857,21.7,21.32857143,22.87142857,63.5,55.6,103.8,78.9,85.28571429,83.42857143,86.57142857,79.57142857,65,48,62
2019,42,37,21.47142857,21.17142857,21.7,21.32857143,117.9,63.5,55.6,103.8,84.85714286,85.28571429,83.42857143,86.57142857,49,65,79
2019,43,54,21.08571429,21.47142857,21.17142857,21.7,98,117.9,63.5,55.6,87.14285714,84.85714286,85.28571429,83.42857143,37,49,48
2019,44,55,21.07142857,21.08571429,21.47142857,21.17142857,90.9,98,117.9,63.5,86.14285714,87.14285714,84.85714286,85.28571429,54,37,65
2019,45,81,21.5,21.07142857,21.08571429,21.47142857,83.9,90.9,98,117.9,84.28571429,86.14285714,87.14285714,84.85714286,55,54,49
2019,46,75,21.8,21.5,21.07142857,21.08571429,100.8,83.9,90.9,98,87.14285714,84.28571429,86.14285714,87.14285714,81,55,37
2019,47,83,20.95714286,21.8,21.5,21.07142857,131.3,100.8,83.9,90.9,88.28571429,87.14285714,84.28571429,86.14285714,75,81,54
2019,48,99,21.15714286,20.95714286,21.8,21.5,132.8,131.3,100.8,83.9,86.14285714,88.28571429,87.14285714,84.28571429,83,75,55
2019,49,105,21.88571429,21.15714286,20.95714286,21.8,44.2,132.8,131.3,100.8,83.14285714,86.14285714,88.28571429,87.14285714,99,83,81
2019,50,103,21.28571429,21.88571429,21.15714286,20.95714286,20.5,44.2,132.8,131.3,84.57142857,83.14285714,86.14285714,88.28571429,105,99,75
2019,51,146,21.18571429,21.28571429,21.88571429,21.15714286,52.5,20.5,44.2,132.8,86.14285714,84.57142857,83.14285714,86.14285714,103,105,83
2019,52,170,21.77142857,21.18571429,21.28571429,21.88571429,94.3,52.5,20.5,44.2,85.85714286,86.14285714,84.57142857,83.14285714,146,103,99
2020,1,192,22.05714286,21.77142857,21.18571429,21.28571429,93.9,94.3,52.5,20.5,85.57142857,85.85714286,86.14285714,84.57142857,170,146,105
2020,2,219,21.81428571,22.05714286,21.77142857,21.18571429,93.7,93.9,94.3,52.5,84,85.57142857,85.85714286,86.14285714,192,170,103
2020,3,288,22.44285714,21.81428571,22.05714286,21.77142857,3.7,93.7,93.9,94.3,76.57142857,84,85.57142857,85.85714286,219,192,146
2020,4,317,23.55714286,22.44285714,21.81428571,22.05714286,22,3.7,93.7,93.9,75.14285714,76.57142857,84,85.57142857,288,219,170
2020,5,380,21.5,23.55714286,22.44285714,21.81428571,57.1,22,3.7,93.7,86.14285714,75.14285714,76.57142857,84,317,288,192
2020,6,360,21.8,21.5,23.55714286,22.44285714,15.8,57.1,22,3.7,82.57142857,86.14285714,75.14285714,76.57142857,380,317,219
2020,7,359,22.61428571,21.8,21.5,23.55714286,8.6,15.8,57.1,22,78.42857143,82.57142857,86.14285714,75.14285714,360,380,288
2020,8,365,23.15714286,22.61428571,21.8,21.5,3.9,8.6,15.8,57.1,77.42857143,78.42857143,82.57142857,86.14285714,359,360,317
2020,9,314,22.87142857,23.15714286,22.61428571,21.8,25.6,3.9,8.6,15.8,80.85714286,77.42857143,78.42857143,82.57142857,365,359,380
2020,10,381,22.11428571,22.87142857,23.15714286,22.61428571,71.4,25.6,3.9,8.6,85.42857143,80.85714286,77.42857143,78.42857143,314,365,360
2020,11,338,22.87142857,22.11428571,22.87142857,23.15714286,34.2,71.4,25.6,3.9,80.71428571,85.42857143,80.85714286,77.42857143,381,314,359
2020,12,231,22.22857143,22.87142857,22.11428571,22.87142857,70.3,34.2,71.4,25.6,85,80.71428571,85.42857143,80.85714286,338,381,365
2020,13,213,22.02857143,22.22857143,22.87142857,22.11428571,22.8,70.3,34.2,71.4,81.85714286,85,80.71428571,85.42857143,231,338,314
2020,14,232,22.15714286,22.02857143,22.22857143,22.87142857,31.8,22.8,70.3,34.2,84,81.85714286,85,80.71428571,213,231,381
2020,15,171,21.88571429,22.15714286,22.02857143,22.22857143,68,31.8,22.8,70.3,86,84,81.85714286,85,232,213,338
2020,16,151,21.92857143,21.88571429,22.15714286,22.02857143,114.3,68,31.8,22.8,90.28571429,86,84,81.85714286,171,232,231
2020,17,177,21.37142857,21.92857143,21.88571429,22.15714286,61.5,114.3,68,31.8,86.42857143,90.28571429,86,84,151,171,213
2020,18,142,21.78571429,21.37142857,21.92857143,21.88571429,42,61.5,114.3,68,85.85714286,86.42857143,90.28571429,86,177,151,232
2020,19,125,21.77142857,21.78571429,21.37142857,21.92857143,109.1,42,61.5,114.3,87.28571429,85.85714286,86.42857143,90.28571429,142,177,171
2020,20,131,22.08571429,21.77142857,21.78571429,21.37142857,82.3,109.1,42,61.5,86.42857143,87.28571429,85.85714286,86.42857143,125,142,151
2020,21,135,22.01428571,22.08571429,21.77142857,21.78571429,79.2,82.3,109.1,42,85.71428571,86.42857143,87.28571429,85.85714286,131,125,177
2020,22,87,21.9,22.01428571,22.08571429,21.77142857,115,79.2,82.3,109.1,88.42857143,85.71428571,86.42857143,87.28571429,135,131,142
2020,23,109,21,21.9,22.01428571,22.08571429,74.9,115,79.2,82.3,88.71428571,88.42857143,85.71428571,86.42857143,87,135,125
2020,24,83,21.14285714,21,21.9,22.01428571,69.7,74.9,115,79.2,86.85714286,88.71428571,88.42857143,85.71428571,109,87,131
2020,25,96,21.32857143,21.14285714,21,21.9,45.7,69.7,74.9,115,84.57142857,86.85714286,88.71428571,88.42857143,83,109,135
2020,26,77,21.31428571,21.32857143,21.14285714,21,149.6,45.7,69.7,74.9,87,84.57142857,86.85714286,88.71428571,96,83,87
2020,27,82,21.21428571,21.31428571,21.32857143,21.14285714,164.8,149.6,45.7,69.7,88.85714286,87,84.57142857,86.85714286,77,96,109
2020,28,56,20.65714286,21.21428571,21.31428571,21.32857143,91.6,164.8,149.6,45.7,89.28571429,88.85714286,87,84.57142857,82,77,83
2020,29,60,20.57142857,20.65714286,21.21428571,21.31428571,83.4,91.6,164.8,149.6,87.85714286,89.28571429,88.85714286,87,56,82,96
2020,30,70,21.74285714,20.57142857,20.65714286,21.21428571,50.8,83.4,91.6,164.8,80.14285714,87.85714286,89.28571429,88.85714286,60,56,77
2020,31,58,20.7,21.74285714,20.57142857,20.65714286,72.6,50.8,83.4,91.6,88.42857143,80.14285714,87.85714286,89.28571429,70,60,82
2020,32,67,22,20.7,21.74285714,20.57142857,68.9,72.6,50.8,83.4,81.28571429,88.42857143,80.14285714,87.85714286,58,70,56
2020,33,60,22.4,22,20.7,21.74285714,12.9,68.9,72.6,50.8,76.71428571,81.28571429,88.42857143,80.14285714,67,58,60
2020,34,61,21.6,22.4,22,20.7,175.8,12.9,68.9,72.6,88.57142857,76.71428571,81.28571429,88.42857143,60,67,70
2020,35,64,21.25714286,21.6,22.4,22,71,175.8,12.9,68.9,86.57142857,88.57142857,76.71428571,81.28571429,61,60,58
2020,36,58,20.95714286,21.25714286,21.6,22.4,69.8,71,175.8,12.9,87.42857143,86.57142857,88.57142857,76.71428571,64,61,67
2020,37,73,21.57142857,20.95714286,21.25714286,21.6,35.7,69.8,71,175.8,83,87.42857143,86.57142857,88.57142857,58,64,60
2020,38,49,21.52857143,21.57142857,20.95714286,21.25714286,66.1,35.7,69.8,71,83.57142857,83,87.42857143,86.57142857,73,58,61
2020,39,61,21.65714286,21.52857143,21.57142857,20.95714286,39.9,66.1,35.7,69.8,83.28571429,83.57142857,83,87.42857143,49,73,64
2020,40,49,21.77142857,21.65714286,21.52857143,21.57142857,79.2,39.9,66.1,35.7,83.14285714,83.28571429,83.57142857,83,61,49,58
2020,41,59,21.35714286,21.77142857,21.65714286,21.52857143,107.4,79.2,39.9,66.1,85,83.14285714,83.28571429,83.57142857,49,61,73
2020,42,50,21.77142857,21.35714286,21.77142857,21.65714286,50.7,107.4,79.2,39.9,81.28571429,85,83.14285714,83.28571429,59,49,49
2020,43,69,21.72857143,21.77142857,21.35714286,21.77142857,108.3,50.7,107.4,79.2,84,81.28571429,85,83.14285714,50,59,61
2020,44,51,21.38571429,21.72857143,21.77142857,21.35714286,131.3,108.3,50.7,107.4,86.85714286,84,81.28571429,85,69,50,49
2020,45,50,21.18571429,21.38571429,21.72857143,21.77142857,112.4,131.3,108.3,50.7,85.85714286,86.85714286,84,81.28571429,51,69,59
2020,46,50,22.12857143,21.18571429,21.38571429,21.72857143,107,112.4,131.3,108.3,82.42857143,85.85714286,86.85714286,84,50,51,50
2020,47,52,21.31428571,22.12857143,21.18571429,21.38571429,94.7,107,112.4,131.3,86,82.42857143,85.85714286,86.85714286,50,50,69
2020,48,29,21.21428571,21.31428571,22.12857143,21.18571429,62,94.7,107,112.4,85.57142857,86,82.42857143,85.85714286,52,50,51
2020,49,68,21.4,21.21428571,21.31428571,22.12857143,69,62,94.7,107,85,85.57142857,86,82.42857143,29,52,50
2020,50,59,21.18571429,21.4,21.21428571,21.31428571,80.8,69,62,94.7,85.57142857,85,85.57142857,86,68,29,50
2020,51,49,21.31428571,21.18571429,21.4,21.21428571,49.4,80.8,69,62,83.57142857,85.57142857,85,85.57142857,59,68,52
2020,52,72,21.2,21.31428571,21.18571429,21.4,69.4,49.4,80.8,69,84.28571429,83.57142857,85.57142857,85,49,59,29
2020,53,53,21.01428571,21.2,21.31428571,21.18571429,71.4,69.4,49.4,80.8,86.14285714,84.28571429,83.57142857,85.57142857,72,49,68
2021,1,96,20.84285714,21.01428571,21.2,21.31428571,42.4,71.4,69.4,49.4,85,86.14285714,84.28571429,83.57142857,53,72,59
2021,2,86,20.44285714,20.84285714,21.01428571,21.2,87.4,42.4,71.4,69.4,86.42857143,85,86.14285714,84.28571429,96,53,49
2021,3,89,21.22857143,20.44285714,20.84285714,21.01428571,51.2,87.4,42.4,71.4,84.14285714,86.42857143,85,86.14285714,86,96,72
2021,4,140,21.34285714,21.22857143,20.44285714,20.84285714,37.4,51.2,87.4,42.4,82.71428571,84.14285714,86.42857143,85,89,86,53
2021,5,132,21.8,21.34285714,21.22857143,20.44285714,23.2,37.4,51.2,87.4,79.85714286,82.71428571,84.14285714,86.42857143,140,89,96
2021,6,130,22.24285714,21.8,21.34285714,21.22857143,24.1,23.2,37.4,51.2,81.85714286,79.85714286,82.71428571,84.14285714,132,140,86
2021,7,138,21.57142857,22.24285714,21.8,21.34285714,42.8,24.1,23.2,37.4,84.57142857,81.85714286,79.85714286,82.71428571,130,132,89
2021,8,134,20.91428571,21.57142857,22.24285714,21.8,98.5,42.8,24.1,23.2,85.57142857,84.57142857,81.85714286,79.85714286,138,130,140
2021,9,123,21.91428571,20.91428571,21.57142857,22.24285714,30.9,98.5,42.8,24.1,83.42857143,85.57142857,84.57142857,81.85714286,134,138,132
2021,10,105,21.08571429,21.91428571,20.91428571,21.57142857,81.3,30.9,98.5,42.8,87.14285714,83.42857143,85.57142857,84.57142857,123,134,130
2021,11,81,20.65714286,21.08571429,21.91428571,20.91428571,76.2,81.3,30.9,98.5,87.14285714,87.14285714,83.42857143,85.57142857,105,123,138
2021,12,80,20.81428571,20.65714286,21.08571429,21.91428571,39,76.2,81.3,30.9,83.57142857,87.14285714,87.14285714,83.42857143,81,105,134
2021,13,58,21.25714286,20.81428571,20.65714286,21.08571429,75.3,39,76.2,81.3,86,83.57142857,87.14285714,87.14285714,80,81,123
2021,14,67,21.65714286,21.25714286,20.81428571,20.65714286,105.7,75.3,39,76.2,85.14285714,86,83.57142857,87.14285714,58,80,105
2021,15,59,21.21428571,21.65714286,21.25714286,20.81428571,98.2,105.7,75.3,39,86.42857143,85.14285714,86,83.57142857,67,58,81
2021,16,42,21.7,21.21428571,21.65714286,21.25714286,95.9,98.2,105.7,75.3,85.71428571,86.42857143,85.14285714,86,59,67,80
2021,17,40,21.78571429,21.7,21.21428571,21.65714286,40,95.9,98.2,105.7,84.57142857,85.71428571,86.42857143,85.14285714,42,59,58
2021,18,56,20.85714286,21.78571429,21.7,21.21428571,80.1,40,95.9,98.2,87.85714286,84.57142857,85.71428571,86.42857143,40,42,67
2021,19,54,21.35714286,20.85714286,21.78571429,21.7,59.2,80.1,40,95.9,86,87.85714286,84.57142857,85.71428571,56,40,59
2021,20,67,21.62857143,21.35714286,20.85714286,21.78571429,160.5,59.2,80.1,40,88,86,87.85714286,84.57142857,54,56,42
2021,21,45,21.55714286,21.62857143,21.35714286,20.85714286,131.9,160.5,59.2,80.1,86.42857143,88,86,87.85714286,67,54,40
2021,22,80,21.54285714,21.55714286,21.62857143,21.35714286,78.9,131.9,160.5,59.2,87.71428571,86.42857143,88,86,45,67,56
2021,23,67,21.6,21.54285714,21.55714286,21.62857143,117.2,78.9,131.9,160.5,88,87.71428571,86.42857143,88,80,45,54
2021,24,64,20.54285714,21.6,21.54285714,21.55714286,75.3,117.2,78.9,131.9,89.57142857,88,87.71428571,86.42857143,67,80,67
2021,25,82,20.77142857,20.54285714,21.6,21.54285714,70.7,75.3,117.2,78.9,86.85714286,89.57142857,88,87.71428571,64,67,45
2021,26,76,20.61428571,20.77142857,20.54285714,21.6,62.4,70.7,75.3,117.2,86.71428571,86.85714286,89.57142857,88,82,64,80
2021,27,49,20.98571429,20.61428571,20.77142857,20.54285714,37.3,62.4,70.7,75.3,82.28571429,86.71428571,86.85714286,89.57142857,76,82,67
2021,28,43,21.25714286,20.98571429,20.61428571,20.77142857,64.9,37.3,62.4,70.7,81.57142857,82.28571429,86.71428571,86.85714286,49,76,64
2021,29,82,21.27142857,21.25714286,20.98571429,20.61428571,64,64.9,37.3,62.4,85,81.57142857,82.28571429,86.71428571,43,49,82
2021,30,57,21.6,21.27142857,21.25714286,20.98571429,50.2,64,64.9,37.3,81.85714286,85,81.57142857,82.28571429,82,43,76
2021,31,92,21.88571429,21.6,21.27142857,21.25714286,49.2,50.2,64,64.9,82.28571429,81.85714286,85,81.57142857,57,82,49
2021,32,73,21.54285714,21.88571429,21.6,21.27142857,38.7,49.2,50.2,64,80.57142857,82.28571429,81.85714286,85,92,57,43
2021,33,74,21.12857143,21.54285714,21.88571429,21.6,137.8,38.7,49.2,50.2,87.42857143,80.57142857,82.28571429,81.85714286,73,92,82
2021,34,58,21.12857143,21.12857143,21.54285714,21.88571429,94.1,137.8,38.7,49.2,87,87.42857143,80.57142857,82.28571429,74,73,57
2021,35,69,21.02857143,21.12857143,21.12857143,21.54285714,67.1,94.1,137.8,38.7,87.85714286,87,87.42857143,80.57142857,58,74,92
2021,36,73,21.17142857,21.02857143,21.12857143,21.12857143,104.1,67.1,94.1,137.8,85.57142857,87.85714286,87,87.42857143,69,58,73
2021,37,71,21.05714286,21.17142857,21.02857143,21.12857143,82.8,104.1,67.1,94.1,86.85714286,85.57142857,87.85714286,87,73,69,74
2021,38,68,21.74285714,21.05714286,21.17142857,21.02857143,62,82.8,104.1,67.1,80.57142857,86.85714286,85.57142857,87.85714286,71,73,58
2021,39,45,21.5,21.74285714,21.05714286,21.17142857,101.4,62,82.8,104.1,82.42857143,80.57142857,86.85714286,85.57142857,68,71,69
2021,40,54,21.3,21.5,21.74285714,21.05714286,55.5,101.4,62,82.8,85.42857143,82.42857143,80.57142857,86.85714286,45,68,73
2021,41,77,21.27142857,21.3,21.5,21.74285714,115.3,55.5,101.4,62,89.57142857,85.42857143,82.42857143,80.57142857,54,45,71
2021,42,49,21.24285714,21.27142857,21.3,21.5,66.2,115.3,55.5,101.4,88.42857143,89.57142857,85.42857143,82.42857143,77,54,68
2021,43,51,20.77142857,21.24285714,21.27142857,21.3,97.9,66.2,115.3,55.5,88.42857143,88.42857143,89.57142857,85.42857143,49,77,45
2021,44,51,21.17142857,20.77142857,21.24285714,21.27142857,85.1,97.9,66.2,115.3,87.71428571,88.42857143,88.42857143,89.57142857,51,49,54
2021,45,53,20.82857143,21.17142857,20.77142857,21.24285714,116.9,85.1,97.9,66.2,88.14285714,87.71428571,88.42857143,88.42857143,51,51,77
2021,46,59,20.58571429,20.82857143,21.17142857,20.77142857,111.8,116.9,85.1,97.9,90.42857143,88.14285714,87.71428571,88.42857143,53,51,49
2021,47,63,20.8,20.58571429,20.82857143,21.17142857,48.5,111.8,116.9,85.1,88.42857143,90.42857143,88.14285714,87.71428571,59,53,51
2021,48,59,20.62857143,20.8,20.58571429,20.82857143,104.2,48.5,111.8,116.9,90.71428571,88.42857143,90.42857143,88.14285714,63,59,51
2021,49,45,20.8,20.62857143,20.8,20.58571429,72.5,104.2,48.5,111.8,89.14285714,90.71428571,88.42857143,90.42857143,59,63,53
2021,50,55,20.77142857,20.8,20.62857143,20.8,98.8,72.5,104.2,48.5,90.28571429,89.14285714,90.71428571,88.42857143,45,59,59
2021,51,58,20.57142857,20.77142857,20.8,20.62857143,83.3,98.8,72.5,104.2,89.28571429,90.28571429,89.14285714,90.71428571,55,45,63
2021,52,27,21.15714286,20.57142857,20.77142857,20.8,32.2,83.3,98.8,72.5,87.42857143,89.28571429,90.28571429,89.14285714,58,55,59
2022,1,36,21,21.15714286,20.57142857,20.77142857,69.6,32.2,83.3,98.8,88.85714286,87.42857143,89.28571429,90.28571429,27,58,45
2022,2,43,20.38571429,21,21.15714286,20.57142857,43.7,69.6,32.2,83.3,88.28571429,88.85714286,87.42857143,89.28571429,36,27,55
2022,3,44,20.54285714,20.38571429,21,21.15714286,37.2,43.7,69.6,32.2,86,88.28571429,88.85714286,87.42857143,43,36,58
2022,4,40,21.24285714,20.54285714,20.38571429,21,23,37.2,43.7,69.6,84.57142857,86,88.28571429,88.85714286,44,43,27
2022,5,56,20.87142857,21.24285714,20.54285714,20.38571429,58.2,23,37.2,43.7,87.57142857,84.57142857,86,88.28571429,40,44,36
2022,6,40,20.77142857,20.87142857,21.24285714,20.54285714,64.3,58.2,23,37.2,86.28571429,87.57142857,84.57142857,86,56,40,43
2022,7,38,20.54285714,20.77142857,20.87142857,21.24285714,69.8,64.3,58.2,23,88.57142857,86.28571429,87.57142857,84.57142857,40,56,44
2022,8,44,20.71428571,20.54285714,20.77142857,20.87142857,124.8,69.8,64.3,58.2,88.57142857,88.57142857,86.28571429,87.57142857,38,40,40
2022,9,50,20.81428571,20.71428571,20.54285714,20.77142857,76.5,124.8,69.8,64.3,87.28571429,88.57142857,88.57142857,86.28571429,44,38,56
2022,10,37,20.52857143,20.81428571,20.71428571,20.54285714,106.3,76.5,124.8,69.8,89.85714286,87.28571429,88.57142857,88.57142857,50,44,40
2022,11,43,21.22857143,20.52857143,20.81428571,20.71428571,29,106.3,76.5,124.8,82.57142857,89.85714286,87.28571429,88.57142857,37,50,38
2022,12,42,20.87142857,21.22857143,20.52857143,20.81428571,67.5,29,106.3,76.5,86.42857143,82.57142857,89.85714286,87.28571429,43,37,44
2022,13,40,20.97142857,20.87142857,21.22857143,20.52857143,93.6,67.5,29,106.3,88.57142857,86.42857143,82.57142857,89.85714286,42,43,50
2022,14,30,21.12857143,20.97142857,20.87142857,21.22857143,92.9,93.6,67.5,29,88.71428571,88.57142857,86.42857143,82.57142857,40,42,37
2022,15,44,21.28571429,21.12857143,20.97142857,20.87142857,78,92.9,93.6,67.5,88.14285714,88.71428571,88.57142857,86.42857143,30,40,43
2022,16,42,21.21428571,21.28571429,21.12857143,20.97142857,88.4,78,92.9,93.6,88.28571429,88.14285714,88.71428571,88.57142857,44,30,42
2022,17,35,20.54285714,21.21428571,21.28571429,21.12857143,133.9,88.4,78,92.9,88.85714286,88.28571429,88.14285714,88.71428571,42,44,40
2022,18,43,21.15714286,20.54285714,21.21428571,21.28571429,43.8,133.9,88.4,78,86,88.85714286,88.28571429,88.14285714,35,42,30
2022,19,32,21.3,21.15714286,20.54285714,21.21428571,43,43.8,133.9,88.4,86.71428571,86,88.85714286,88.28571429,43,35,44
2022,20,41,21.47142857,21.3,21.15714286,20.54285714,69.6,43,43.8,133.9,86.85714286,86.71428571,86,88.85714286,32,43,42
2022,21,38,20.47142857,21.47142857,21.3,21.15714286,91.6,69.6,43,43.8,90.14285714,86.85714286,86.71428571,86,41,32,35
2022,22,40,20.64285714,20.47142857,21.47142857,21.3,86,91.6,69.6,43,88.28571429,90.14285714,86.85714286,86.71428571,38,41,43
2022,23,20,20.27142857,20.64285714,20.47142857,21.47142857,84.3,86,91.6,69.6,89,88.28571429,90.14285714,86.85714286,40,38,32
2022,24,34,20.24285714,20.27142857,20.64285714,20.47142857,106.7,84.3,86,91.6,89.71428571,89,88.28571429,90.14285714,20,40,41
2022,25,29,20.24285714,20.24285714,20.27142857,20.64285714,71.1,106.7,84.3,86,89.57142857,89.71428571,89,88.28571429,34,20,38
2022,26,29,20,20.24285714,20.24285714,20.27142857,129.6,71.1,106.7,84.3,89.71428571,89.57142857,89.71428571,89,29,34,40
2022,27,25,20.68571429,20,20.24285714,20.24285714,65.6,129.6,71.1,106.7,87,89.71428571,89.57142857,89.71428571,29,29,20
2022,28,29,20.97142857,20.68571429,20,20.24285714,117.3,65.6,129.6,71.1,85.14285714,87,89.71428571,89.57142857,25,29,34
2022,29,31,20.57142857,20.97142857,20.68571429,20,77.2,117.3,65.6,129.6,87.85714286,85.14285714,87,89.71428571,29,25,29
2022,30,26,20.84285714,20.57142857,20.97142857,20.68571429,67,77.2,117.3,65.6,84.71428571,87.85714286,85.14285714,87,31,29,29
2022,31,36,20.4,20.84285714,20.57142857,20.97142857,64.2,67,77.2,117.3,88.57142857,84.71428571,87.85714286,85.14285714,26,31,25
2022,32,31,20.81428571,20.4,20.84285714,20.57142857,83.1,64.2,67,77.2,88.57142857,88.57142857,84.71428571,87.85714286,36,26,29
2022,33,41,20.82857143,20.81428571,20.4,20.84285714,65.8,83.1,64.2,67,85,88.57142857,88.57142857,84.71428571,31,36,31
2022,34,35,20.97142857,20.82857143,20.81428571,20.4,34.6,65.8,83.1,64.2,83.28571429,85,88.57142857,88.57142857,41,31,26
2022,35,40,20.95714286,20.97142857,20.82857143,20.81428571,59,34.6,65.8,83.1,82.42857143,83.28571429,85,88.57142857,35,41,36
2022,36,55,21.1,20.95714286,20.97142857,20.82857143,59.3,59,34.6,65.8,85,82.42857143,83.28571429,85,40,35,31
2022,37,34,21.45714286,21.1,20.95714286,20.97142857,36.1,59.3,59,34.6,82,85,82.42857143,83.28571429,55,40,41
2022,38,30,20.84285714,21.45714286,21.1,20.95714286,50.7,36.1,59.3,59,86.42857143,82,85,82.42857143,34,55,35
2022,39,31,20.62857143,20.84285714,21.45714286,21.1,60.5,50.7,36.1,59.3,86.42857143,86.42857143,82,85,30,34,40
2022,40,26,21.14285714,20.62857143,20.84285714,21.45714286,62.6,60.5,50.7,36.1,85.71428571,86.42857143,86.42857143,82,31,30,55
2022,41,24,20.92857143,21.14285714,20.62857143,20.84285714,67.8,62.6,60.5,50.7,86.57142857,85.71428571,86.42857143,86.42857143,26,31,34
2022,42,31,21.04285714,20.92857143,21.14285714,20.62857143,70.4,67.8,62.6,60.5,86.42857143,86.57142857,85.71428571,86.42857143,24,26,30
2022,43,23,20.85714286,21.04285714,20.92857143,21.14285714,64.1,70.4,67.8,62.6,89.14285714,86.42857143,86.57142857,85.71428571,31,24,31
2022,44,34,20.77142857,20.85714286,21.04285714,20.92857143,91.2,64.1,70.4,67.8,89.71428571,89.14285714,86.42857143,86.57142857,23,31,26
2022,45,38,20.98571429,20.77142857,20.85714286,21.04285714,50.3,91.2,64.1,70.4,87,89.71428571,89.14285714,86.42857143,34,23,24
2022,46,41,20.6,20.98571429,20.77142857,20.85714286,107.4,50.3,91.2,64.1,89.14285714,87,89.71428571,89.14285714,38,34,31
2022,47,31,21.22857143,20.6,20.98571429,20.77142857,58.5,107.4,50.3,91.2,87,89.14285714,87,89.71428571,41,38,23
2022,48,32,20.65714286,21.22857143,20.6,20.98571429,60.5,58.5,107.4,50.3,87.85714286,87,89.14285714,87,31,41,34
2022,49,32,20.01428571,20.65714286,21.22857143,20.6,125.7,60.5,58.5,107.4,89.57142857,87.85714286,87,89.14285714,32,31,38
2022,50,22,20.15714286,20.01428571,20.65714286,21.22857143,66.7,125.7,60.5,58.5,87.14285714,89.57142857,87.85714286,87,32,32,41
2022,51,20,20.5,20.15714286,20.01428571,20.65714286,48.7,66.7,125.7,60.5,86.71428571,87.14285714,89.57142857,87.85714286,22,32,31
2022,52,28,21.22857143,20.5,20.15714286,20.01428571,30.3,48.7,66.7,125.7,86,86.71428571,87.14285714,89.57142857,20,22,32
2023,1,34,20.45714286,21.22857143,20.5,20.15714286,42.9,30.3,48.7,66.7,88.85714286,86,86.71428571,87.14285714,28,20,32
2023,2,34,20.28571429,20.45714286,21.22857143,20.5,92.1,42.9,30.3,48.7,89.14285714,88.85714286,86,86.71428571,34,28,22
2023,3,28,20.02857143,20.28571429,20.45714286,21.22857143,77.9,92.1,42.9,30.3,89.71428571,89.14285714,88.85714286,86,34,34,20
2023,4,41,20.4,20.02857143,20.28571429,20.45714286,24.1,77.9,92.1,42.9,86.71428571,89.71428571,89.14285714,88.85714286,28,34,28
2023,5,50,21.14285714,20.4,20.02857143,20.28571429,34.6,24.1,77.9,92.1,80.71428571,86.71428571,89.71428571,89.14285714,41,28,34
2023,6,45,21.17142857,21.14285714,20.4,20.02857143,22.8,34.6,24.1,77.9,82.57142857,80.71428571,86.71428571,89.71428571,50,41,34
2023,7,46,21.5,21.17142857,21.14285714,20.4,45,22.8,34.6,24.1,83.42857143,82.57142857,80.71428571,86.71428571,45,50,28
2023,8,52,21.14285714,21.5,21.17142857,21.14285714,80.2,45,22.8,34.6,87.42857143,83.42857143,82.57142857,80.71428571,46,45,41
2023,9,44,21.27142857,21.14285714,21.5,21.17142857,38.5,80.2,45,22.8,83.28571429,87.42857143,83.42857143,82.57142857,52,46,50
2023,10,60,21.55714286,21.27142857,21.14285714,21.5,81.1,38.5,80.2,45,86.14285714,83.28571429,87.42857143,83.42857143,44,52,45
2023,11,61,20.52857143,21.55714286,21.27142857,21.14285714,170,81.1,38.5,80.2,90,86.14285714,83.28571429,87.42857143,60,44,46
2023,12,67,20.45714286,20.52857143,21.55714286,21.27142857,63.6,170,81.1,38.5,87,90,86.14285714,83.28571429,61,60,52
2023,13,48,21.02857143,20.45714286,20.52857143,21.55714286,42.6,63.6,170,81.1,85.85714286,87,90,86.14285714,67,61,44
2023,14,56,21.34285714,21.02857143,20.45714286,20.52857143,52.9,42.6,63.6,170,87.71428571,85.85714286,87,90,48,67,60
2023,15,68,21.34285714,21.34285714,21.02857143,20.45714286,61.2,52.9,42.6,63.6,85.85714286,87.71428571,85.85714286,87,56,48,61
2023,16,63,21.17142857,21.34285714,21.34285714,21.02857143,89.1,61.2,52.9,42.6,87.14285714,85.85714286,87.71428571,85.85714286,68,56,67
2023,17,49,21.18571429,21.17142857,21.34285714,21.34285714,80.3,89.1,61.2,52.9,86.85714286,87.14285714,85.85714286,87.71428571,63,68,48
2023,18,93,21.45714286,21.18571429,21.17142857,21.34285714,74.7,80.3,89.1,61.2,84.85714286,86.85714286,87.14285714,85.85714286,49,63,56
2023,19,80,22.48571429,21.45714286,21.18571429,21.17142857,38.9,74.7,80.3,89.1,81.28571429,84.85714286,86.85714286,87.14285714,93,49,68
2023,20,100,22.44285714,22.48571429,21.45714286,21.18571429,62.2,38.9,74.7,80.3,84.42857143,81.28571429,84.85714286,86.85714286,80,93,63
2023,21,91,21.7,22.44285714,22.48571429,21.45714286,82.4,62.2,38.9,74.7,87.71428571,84.42857143,81.28571429,84.85714286,100,80,49
2023,22,111,21.52857143,21.7,22.44285714,22.48571429,133,82.4,62.2,38.9,88.85714286,87.71428571,84.42857143,81.28571429,91,100,93
2023,23,133,21.52857143,21.52857143,21.7,22.44285714,64.9,133,82.4,62.2,86.14285714,88.85714286,87.71428571,84.42857143,111,91,80
2023,24,159,21.34285714,21.52857143,21.52857143,21.7,115.9,64.9,133,82.4,86.57142857,86.14285714,88.85714286,87.71428571,133,111,100
2023,25,156,22.15714286,21.34285714,21.52857143,21.52857143,26.6,115.9,64.9,133,78.28571429,86.57142857,86.14285714,88.85714286,159,133,91
2023,26,170,22.07142857,22.15714286,21.34285714,21.52857143,40.6,26.6,115.9,64.9,80.57142857,78.28571429,86.57142857,86.14285714,156,159,111
2023,27,223,22.15714286,22.07142857,22.15714286,21.34285714,37.5,40.6,26.6,115.9,81.85714286,80.57142857,78.28571429,86.57142857,170,156,133
2023,28,219,21.3,22.15714286,22.07142857,22.15714286,58.4,37.5,40.6,26.6,87.57142857,81.85714286,80.57142857,78.28571429,223,170,159
2023,29,270,21.94285714,21.3,22.15714286,22.07142857,35.9,58.4,37.5,40.6,82,87.57142857,81.85714286,80.57142857,219,223,156
2023,30,259,22.95714286,21.94285714,21.3,22.15714286,20.7,35.9,58.4,37.5,75.28571429,82,87.57142857,81.85714286,270,219,170
2023,31,302,22.48571429,22.95714286,21.94285714,21.3,27.6,20.7,35.9,58.4,79.57142857,75.28571429,82,87.57142857,259,270,223
2023,32,307,22.67142857,22.48571429,22.95714286,21.94285714,22,27.6,20.7,35.9,76.85714286,79.57142857,75.28571429,82,302,259,219
2023,33,276,22.5,22.67142857,22.48571429,22.95714286,38.6,22,27.6,20.7,80.71428571,76.85714286,79.57142857,75.28571429,307,302,270
2023,34,338,22.01428571,22.5,22.67142857,22.48571429,47.1,38.6,22,27.6,82.57142857,80.71428571,76.85714286,79.57142857,276,307,259
2023,35,370,21.85714286,22.01428571,22.5,22.67142857,42.6,47.1,38.6,22,81.28571429,82.57142857,80.71428571,76.85714286,338,276,302
2023,36,348,23.57142857,21.85714286,22.01428571,22.5,12.7,42.6,47.1,38.6,75.71428571,81.28571429,82.57142857,80.71428571,370,338,307
2023,37,350,22.78571429,23.57142857,21.85714286,22.01428571,60.8,12.7,42.6,47.1,80.57142857,75.71428571,81.28571429,82.57142857,348,370,276
2023,38,394,22.92857143,22.78571429,23.57142857,21.85714286,53.5,60.8,12.7,42.6,79.14285714,80.57142857,75.71428571,81.28571429,350,348,338
2023,39,287,23.32857143,22.92857143,22.78571429,23.57142857,40.6,53.5,60.8,12.7,78.14285714,79.14285714,80.57142857,75.71428571,394,350,370
2023,40,302,23.08571429,23.32857143,22.92857143,22.78571429,60.4,40.6,53.5,60.8,80,78.14285714,79.14285714,80.57142857,287,394,348
2023,41,329,22.51428571,23.08571429,23.32857143,22.92857143,47.5,60.4,40.6,53.5,83,80,78.14285714,79.14285714,302,287,350
2023,42,312,22.58571429,22.51428571,23.08571429,23.32857143,79.6,47.5,60.4,40.6,82,83,80,78.14285714,329,302,394
2023,43,357,22.17142857,22.58571429,22.51428571,23.08571429,31.6,79.6,47.5,60.4,84,82,83,80,312,329,287
2023,44,310,21.42857143,22.17142857,22.58571429,22.51428571,27.4,31.6,79.6,47.5,86.14285714,84,82,83,357,312,302
2023,45,283,21.71428571,21.42857143,22.17142857,22.58571429,69.4,27.4,31.6,79.6,88.14285714,86.14285714,84,82,310,357,329
2023,46,373,22.3,21.71428571,21.42857143,22.17142857,77.3,69.4,27.4,31.6,86.71428571,88.14285714,86.14285714,84,283,310,312
2023,47,386,22.1,22.3,21.71428571,21.42857143,113.6,77.3,69.4,27.4,87.57142857,86.71428571,88.14285714,86.14285714,373,283,357
2023,48,389,21.48571429,22.1,22.3,21.71428571,71.9,113.6,77.3,69.4,87,87.57142857,86.71428571,88.14285714,386,373,310
2023,49,441,22.7,21.48571429,22.1,22.3,14.4,71.9,113.6,77.3,81.14285714,87,87.57142857,86.71428571,389,386,283
2023,50,405,22.4,22.7,21.48571429,22.1,25.7,14.4,71.9,113.6,82.71428571,81.14285714,87,87.57142857,441,389,373
2023,51,456,22.28571429,22.4,22.7,21.48571429,88.1,25.7,14.4,71.9,86.57142857,82.71428571,81.14285714,87,405,441,386
2023,52,413,22.42857143,22.28571429,22.4,22.7,49.5,88.1,25.7,14.4,87.14285714,86.57142857,82.71428571,81.14285714,456,405,389
